slice,section,recordId,dhikrOpening,arabicTextStatus,tashkeelStatus,sourceStatus,hadithReference,narratorStatus,gradeStatus,countStatus,occasionStatus,categoryStatus,englishMeaningStatus,transliterationStatus,severity,recommendedAction,evidenceSources
morning_evening,Morning,morning_001,آية الكرسي,Accurate — matches Qur'an 2:255 word-for-word,"Present, complete; minor orthography note: ""السموات"" spelled without medial alif (a valid, widely-published spelling convention closer to the Uthmani rasm), vs. the ""quran-simple"" API's modernized ""السماوات"" — not an error","Correct (""Qur'an 2:255"")",N/A — Qur'anic,N/A,N/A,"N/A (Qur'anic recitation, not a counted dhikr formula)","Acceptable general placement — Ayat al-Kursi's inclusion in morning/evening adhkar compilations is a long, well-established scholarly practice (protection virtue hadith, Muslim/Bukhari), though the ayah itself carries no morning/evening-specific wording",Correct,Accurate (Saheeh-International-consistent),Accurate,LOW,None — informational note only on spelling convention,"Live fetch: api.alquran.cloud `quran-simple` & `quran-uthmani` editions for 2:255, this session"
morning_evening,Evening,morning_001 (evening copy),آية الكرسي,Same as above,Same as above,Correct,N/A,N/A,N/A,N/A,Same as above,Correct,Accurate,Accurate,LOW,Same as above,Same
morning_evening,Morning,morning_002,سورة الإخلاص (×3),Not independently re-fetched this pass — well-attested Qur'anic text,Present,"Cited ""Sunan Abi Dawud — sahih (al-Albani)"" — consistent with the well-known hadith on reciting the three Quls three times each evening/before sleep (Abu Dawud 5082, 'Uqbah/others)",Abu Dawud (exact number not shown in app),Not shown in app,"Attribution to al-Albani plausible, not independently re-confirmed",3x consistent with the cited hadith,Acceptable,Correct,Accurate,Accurate,LOW,Consider adding the specific Abu Dawud hadith number to `source_ar`/`source_en` for full section-11 compliance,Prior general knowledge; not re-fetched
morning_evening,Evening,morning_002 (evening copy),سورة الإخلاص (×3),Same,Same,Same,Same,Same,Same,Same,Same,Same,Same,Same,LOW,Same,Same
morning_evening,Morning,morning_002b,سورة الفلق (×3),Not independently re-fetched,Present,Same pattern as morning_002,Abu Dawud (number not shown),Not shown,Not re-confirmed,3x consistent,Acceptable,Correct,Accurate,Accurate,LOW,Same as morning_002,Prior knowledge
morning_evening,Evening,morning_002b (evening copy),سورة الفلق (×3),Same,Same,Same,Same,Same,Same,Same,Same,Same,Same,Same,LOW,Same,Same
morning_evening,Morning,morning_002c,سورة الناس (×3),Not independently re-fetched,Present,Same pattern,Abu Dawud (number not shown),Not shown,Not re-confirmed,3x consistent,Acceptable,Correct,Accurate,Accurate,LOW,Same as morning_002,Prior knowledge
morning_evening,Evening,morning_002c (evening copy),سورة الناس (×3),Same,Same,Same,Same,Same,Same,Same,Same,Same,Same,Same,LOW,Same,Same
morning_evening,Morning,morning_003,أصبحنا وأصبح الملك لله,Clean — well-known Sahih Muslim wording,Present,"""Sahih Muslim"" — matches Muslim 2723 (Abdullah ibn Mas'ud), not independently re-fetched","Muslim 2723 (from memory, not re-verified via live fetch)",Ibn Mas'ud (not shown in app UI),Not re-confirmed live,No count issue (repeat=1),"Correct (explicitly a morning-specific hadith, ""إذا أصبح"")",Correct,Accurate,Accurate,LOW,Consider adding hadith number/narrator to source fields,Prior knowledge
morning_evening,Evening,morning_003 (evening variant),أمسينا وأمسى الملك لله,"Wording is the app's own `EVENING_TEXT_OVERRIDE` — the day→night substitution (""أصبحنا""→""أمسينا"", ""هذا اليوم""→""هذه الليلة"") mirrors the standard evening recitation of the SAME Muslim 2723 hadith text (the hadith itself instructs ""وإذا أمسى قال...(أمسينا)""), so this is not an invented variant",Present,Same collection,Same,Same,Not re-confirmed live,Same,Correct,Correct,Accurate,Accurate,LOW,Same,Prior knowledge
morning_evening,Morning,morning_004,اللهم بك أصبحنا,Clean,Present,"""Sunan Abi Dawud — sahih (al-Albani)"" — consistent with the well-known Abu Dawud 5068 hadith (from Abu Hurayrah)",Abu Dawud ~5068 (not re-fetched),Abu Hurayrah (not shown),Not re-confirmed live,No issue,"Correct, explicitly morning-tied",Correct,Accurate,Accurate,LOW,Add hadith number/narrator,Prior knowledge
morning_evening,Evening,morning_004_evening,اللهم بك أمسينا,"Evening half of the SAME Abu Dawud 5068 hadith, which itself gives both the morning and evening wording — override is a legitimate mirrored substitution, not invented",Present,Same,Same,Same,Not re-confirmed live,No issue,Correct,Correct,Accurate,Accurate,LOW,Same,Prior knowledge
morning_evening,Morning,morning_005,سيد الاستغفار,Clean — extremely well-attested wording,Present,"""Sahih al-Bukhari"" — matches Bukhari 6306 (Shaddad ibn Aws)",Bukhari 6306 (not re-fetched live),Shaddad ibn Aws (not shown),Not re-confirmed live,No issue,"Correct — hadith explicitly ties this to morning (""من قالها حين يصبح"") and evening",Correct,Accurate,Accurate,LOW,Add narrator/number,"Prior knowledge; identical wording to Misc library's own `sayyid-al-istighfar` record (noted duplicate, see section below)"
morning_evening,Evening,"morning_005 (evening copy, unchanged wording)",سيد الاستغفار,"Same wording both occasions per the hadith's own instruction (""ومن قالها حين يمسي"")",Present,Same,Same,Same,Not re-confirmed,No issue,Correct,Correct,Accurate,Accurate,LOW,Same,Same
morning_evening,Morning,morning_006,اللهم إني أصبحت أشهدك (×4),Clean,Present,"""Sunan Abi Dawud — hasan (Ibn Baz)"" — plausible, consistent with the well-known Abu Dawud 5069 narration",Abu Dawud ~5069 (not re-fetched),Not shown,Not re-confirmed live,4x matches the hadith's own repetition instruction,Correct,Correct,Accurate,Accurate,LOW,Add number,Prior knowledge
morning_evening,Evening,morning_006_evening,اللهم إني أمسيت أشهدك (×4),"Legitimate day→night override per app's own EVENING_TEXT_OVERRIDE, single-word substitution أصبحت→أمسيت, matching the hadith's own combined wording (""من قال حين يصبح أو يمسي"")",Present,Same,Same,Same,Not re-confirmed,Same,Correct,Correct,Accurate,Accurate,LOW,Same,Same
morning_evening,Morning,morning_007,اللهم ما أصبح بي من نعمة,"**Verified this session** — matches the narration located via live WebSearch (Ibn al-Qayyim, Zad al-Ma'ad; Dorar.net snippet)",Present,"""Sunan Abi Dawud — hasan (some scholars), disputed"" — CONFIRMED accurate: live search located this exact hadith at Abu Dawud 5073, Nasa'i al-Kubra 9750, Ibn Hibban 861, narrated from 'Abdullah ibn Ghannam al-Bayadi; the ""disputed"" framing in DITHAR's own source string matches real scholarly discussion (chain criticized by some, defended by others) rather than a flat ""sahih"" claim",Abu Dawud 5073 / Nasa'i Kubra 9750 / Ibn Hibban 861,'Abdullah ibn Ghannam al-Bayadi,"Correctly hedged as disputed rather than flattened to ""sahih"" — matches spec section 12's requirement",No issue,Correct,Correct,Accurate,Accurate,"LOW (well-documented, appropriately hedged already)",None needed — this record is a good example of the nuanced grading the audit asked for,"WebSearch this session (query: ""من قال حين يصبح وحين يمسي"" ""ما أصبح بي من نعمة"" أبو داود تخريج); Dorar.net entry id FL3RXQ0I (via search snippet, direct fetch blocked — HTTP 403)"
morning_evening,Evening,morning_007_evening,اللهم ما أمسى بي من نعمة,"Legitimate override (أصبح→أمسى), matches the hadith's own ""ومن قال مثل ذلك حين يمسي""",Present,Same as above,Same,Same,Same,No issue,Correct,Correct,Accurate,Accurate,LOW,None,Same
morning_evening,Morning,morning_008,اللهم عافني في بدني (×3),Clean,Present,"""Sunan Abi Dawud — hasan (al-Albani)"" — consistent with well-known Abu Dawud 5090 (from Abdullah ibn 'Umar)",Abu Dawud ~5090 (not re-fetched),Not shown,Not re-confirmed,3x consistent,Correct,Correct,Accurate,Accurate,LOW,Add narrator/number,Prior knowledge
morning_evening,Evening,"morning_008 (evening copy, unchanged)",اللهم عافني في بدني (×3),"Same wording both occasions — no day/night-specific language in this dua, correctly left unmodified",Present,Same,Same,Same,Same,Same,Correct,Correct,Accurate,Accurate,LOW,Same,Same
morning_evening,Morning,morning_009,حسبي الله لا إله إلا هو (×7),Clean,Present,"**Verified this session** — ""Sunan Abi Dawud — mawquf on Abu al-Darda' with a good chain; regarded as marfu' in ruling by Ibn Baz"" is precisely accurate per live search: Abu Dawud narrated it mawquf; al-Mundhiri held it does not fall below hasan; Ibn al-Sunni's version is marfu'; the ""mawquf in wording, marfu' in ruling"" characterization (since such content isn't a matter of personal opinion) matches scholarly discussion found live","Abu Dawud (mawquf route) / Ibn al-Sunni, Amal al-Yawm wa'l-Laylah (marfu' route)",Abu al-Darda',Correctly distinguishes mawquf vs. marfu' status rather than flattening — exemplary per spec section 12,7x consistent with hadith,Correct,Correct,Accurate,Accurate,LOW,None needed,WebSearch this session; confirms app's own nuanced grading
morning_evening,Evening,"morning_009 (evening copy, unchanged)",حسبي الله لا إله إلا هو (×7),Same,Present,Same,Same,Same,Same,Same,Correct,Correct,Accurate,Accurate,LOW,None,Same
morning_evening,Morning,morning_010,اللهم إني أسألك العفو والعافية,Clean,Present,"""Sunan Ibn Majah — sahih (al-Albani)"" — plausible, consistent with the well-known Ibn Majah 3871 (from Ibn 'Umar)",Ibn Majah ~3871 (not re-fetched),Ibn 'Umar (not shown),Not re-confirmed live,No count shown — correctly omitted (`repeat` absent) rather than inventing one,Correct,Correct,Accurate,Accurate,LOW,Add narrator/number,Prior knowledge
morning_evening,Evening,"morning_010 (evening copy, unchanged)",اللهم إني أسألك العفو والعافية,Same — no day/night-specific wording,Present,Same,Same,Same,Same,Same,Correct,Correct,Accurate,Accurate,LOW,Same,Same
morning_evening,Morning,morning_011,اللهم عالم الغيب والشهادة,Clean,Present,"""Jami' at-Tirmidhi — sahih (al-Albani)"" — plausible, consistent with Tirmidhi 3529 (from Abu Bakr al-Siddiq)",Tirmidhi ~3529 (not re-fetched),Abu Bakr (not shown),Not re-confirmed live,No issue (repeat=1),Correct,Correct,Accurate,Accurate,LOW,Add narrator/number,Prior knowledge
morning_evening,Evening,"morning_011 (evening copy, unchanged)",اللهم عالم الغيب والشهادة,Same,Present,Same,Same,Same,Same,Same,Correct,Correct,Accurate,Accurate,LOW,Same,Same
morning_evening,Morning,morning_012,بسم الله الذي لا يضر مع اسمه شيء (×3),Clean,Present,"""Sunan Abi Dawud — hasan (Ibn Baz)"" — plausible, consistent with Abu Dawud 5088 / Tirmidhi 3388 (from 'Uthman ibn 'Affan)",Abu Dawud ~5088 (not re-fetched),'Uthman ibn 'Affan (not shown),Not re-confirmed live,3x consistent,Correct,Correct,Accurate,Accurate,LOW,Add narrator/number,Prior knowledge
morning_evening,Evening,"morning_012 (evening copy, unchanged)",بسم الله الذي لا يضر مع اسمه شيء (×3),Same,Present,Same,Same,Same,Same,Same,Correct,Correct,Accurate,Accurate,LOW,Same,Same
morning_evening,Morning,morning_013,رضيت بالله ربًا (×3),Clean,Present,"""Jami' at-Tirmidhi — isnad hasan (Ibn Baz)"" — plausible, consistent with Tirmidhi 3389/Abu Dawud 5072 (from Thawban)",Tirmidhi ~3389 (not re-fetched),Thawban (not shown),Not re-confirmed live,3x consistent,Correct,Correct,Accurate,Accurate,LOW,Add narrator/number,Prior knowledge
morning_evening,Evening,"morning_013 (evening copy, unchanged)",رضيت بالله ربًا (×3),Same,Present,Same,Same,Same,Same,Same,Correct,Correct,Accurate,Accurate,LOW,Same,Same
morning_evening,Morning,morning_014,يا حي يا قيوم برحمتك أستغيث,Clean,Present,"""Sunan an-Nasa'i al-Kubra — hasan (al-Albani)"" — plausible, consistent with the well-known ""Amal al-Yawm wa'l-Laylah""-transmitted narration from Anas ibn Malik","Nasa'i al-Kubra (number not shown, not re-fetched)",Anas ibn Malik (not shown),Not re-confirmed live,No count shown — appropriately omitted,Correct,Correct,Accurate,Accurate,LOW,Add narrator/number,Prior knowledge
morning_evening,Evening,"morning_014 (evening copy, unchanged)",يا حي يا قيوم برحمتك أستغيث,Same,Present,Same,Same,Same,Same,Same,Correct,Correct,Accurate,Accurate,LOW,Same,Same
morning_evening,Morning,morning_015,أصبحنا وأصبح الملك لله رب العالمين,Clean,Present,"""Sunan Abi Dawud — hasan (al-Albani), differed upon"" — app itself already flags scholarly disagreement (matches known discussion around this narration's isnad, e.g. via Rabi'ah ibn 'Abd al-Rahman route) rather than flattening to sahih — good practice, not independently re-confirmed live this pass",Abu Dawud (not re-fetched),Not shown,"App's own ""differed upon"" hedge appears appropriate",No issue,Correct,Correct,Accurate,Accurate,LOW,"Consider live-verifying the exact disagreement (which scholars, what the objection is) for full section-12 documentation",Prior knowledge; app's own hedge not contradicted
morning_evening,Evening,morning_015_evening,أمسينا وأمسى الملك لله رب العالمين,Legitimate override per app's own bracket-derived alternate wording,Present,Same,Same,Same,Same,Same,Correct,Correct,Accurate,Accurate,LOW,Same,Same
morning_evening,Morning,morning_016,أصبحنا على فطرة الإسلام,Clean,Present,"""Musnad Ahmad — isnad sahih (Ibn Baz)"" — plausible, consistent with the well-known narration from Anas ibn Malik in Musnad Ahmad",Musnad Ahmad (not re-fetched),Anas ibn Malik (not shown),Not re-confirmed live,No issue,Correct,Correct,Accurate,Accurate,LOW,Add narrator/number,Prior knowledge
morning_evening,Evening,morning_016_evening,أمسينا على فطرة الإسلام,"Legitimate override (أصبحنا→أمسينا only; rest of the text has no day/night reference, correctly left unmodified)",Present,Same,Same,Same,Same,Same,Correct,Correct,Accurate,Accurate,LOW,Same,Same
morning_evening,Morning,morning_017,سبحان الله وبحمده (×100),Clean wording,Present,"""Sahih al-Bukhari, Sahih Muslim"" — **verified this session**: matches Bukhari 6405 / Muslim 2691 (from Abu Hurayrah)","Bukhari 6405, Muslim 2691",Abu Hurayrah,Correct,100x matches the hadith exactly,"**Needs contextual qualification** — the hadith's own wording is ""من قال ... في يوم مائة مرة"" (""whoever says this ... a hundred times IN A DAY""), i.e. it does not specify morning/evening as the occasion; its placement here follows a long-established convention in morning/evening adhkar compilations (e.g. Hisn al-Muslim) rather than the hadith's own literal wording specifying that time","Acceptable, by convention",Accurate,Accurate,MEDIUM,"Consider labeling this item's occasion as ""general daily dhikr, conventionally recited morning/evening"" rather than implying the hadith itself specifies morning — a wording/UI change, not a content change",WebSearch this session (query on the exact Arabic tahlil/tasbih hadith); cross-referenced Bukhari 6405/Muslim 2691 hadith text via search snippets
morning_evening,Evening,"morning_017 (evening copy, unchanged)",سبحان الله وبحمده (×100),Same,Present,Same,Same,Same,Same,Same,Same qualification applies,Same,Accurate,Accurate,MEDIUM,Same,Same
morning_evening,Morning,morning_018,لا إله إلا الله وحده لا شريك له... (×10),"Wording itself (without ""يحيي ويميت"") is a real, attested phrase",Present,"**CRITICAL — verified this session**: the citation ""Sahih al-Bukhari, Sahih Muslim"" does not support this specific wording+count combination. Live search located: (1) Bukhari 6403/3119 and Muslim 2691 report this tahlil said **100 times ""in a day""** (general, not morning/evening-specific) — a DIFFERENT count than the 10x shown here; (2) the distinct ""10 times"" narration (from Abu Ayyub al-Ansari, ""equivalent to freeing ten slaves"") is reported in **Musnad Ahmad**, not Bukhari/Muslim; (3) a separate, longer ""10 times after Fajr/Maghrib, 100 good deeds"" narration — which DOES include the additional clause ""يُحْيِي وَيُمِيتُ"" not present in DITHAR's text — traces to Tirmidhi 3534, again not Bukhari/Muslim. DITHAR's current record appears to combine the 100x-hadith's exact wording with a 10x count and a Bukhari/Muslim citation that together do not match any single located primary narration","Bukhari 6403/3119 & Muslim 2691 support the WORDING at 100x; Musnad Ahmad supports a 10x count but for a narration whose reward-text differs; Tirmidhi 3534 supports a 10x-after-Fajr/Maghrib version with additional wording (""يحيي ويميت"") not present in DITHAR's text",Abu Hurayrah (100x hadith); Abu Ayyub al-Ansari (10x Ahmad hadith),Grading not independently re-confirmed pending resolution of which narration is actually intended,"**Likely incorrect as currently attributed** — ""10 times"" is not established in the cited Bukhari/Muslim source for this exact wording","Currently shown as a generic morning/evening dhikr; the closest 10x narration found ties it to specifically after Fajr and Maghrib prayers, not ""morning"" broadly",Needs review pending which underlying hadith DITHAR intends,Accurate for the general meaning of the phrase itself,Accurate for the phrase shown,**CRITICAL**,"Re-derive this record from a single, correctly-cited primary narration: either (a) the Bukhari/Muslim 100x version (fix `repeat` to 100, matching morning_017's already-correct citation pattern), or (b) the Musnad Ahmad 10x version (fix `source_ar`/`source_en` to Musnad Ahmad, from Abu Ayyub al-Ansari), or (c) the Tirmidhi 3534 10x-after-Fajr/Maghrib version (fix source to Tirmidhi AND add the missing ""يحيي ويميت"" clause AND move/scope this to Prayer Adhkar instead of Morning/Evening). Do not apply this now — flagged for your review only.","WebSearch this session (2 queries): general tahlil-hadith search; targeted ""حين يصبح...عشر مرات"" search; cross-referenced hadithprophet.com (Musnad Ahmad citation), islamweb.net fatwa 214717, alukah.net"
morning_evening,Evening,"morning_018 (evening copy, unchanged)",لا إله إلا الله وحده لا شريك له... (×10),Same,Present,Same CRITICAL issue applies,Same,Same,Same,Same,Same,Same,Accurate,Accurate,**CRITICAL**,Same,Same
morning_evening,Morning,morning_020,سبحان الله وبحمده عدد خلقه... (×3),Clean,Present,"""Sahih Muslim"" — consistent with well-known Muslim 2726 (from Juwayriyyah bint al-Harith), explicitly tied to morning (""حين أصبح"") in the hadith's own text",Muslim 2726 (not re-fetched),Juwayriyyah bint al-Harith (not shown),Not re-confirmed live,3x consistent,Correct — this hadith IS explicitly morning-specific,"Correct (morning only, no evening counterpart shown — correctly not duplicated into Evening since this card's category is ""morning"" only)",Accurate,Accurate,LOW,Add narrator/number,Prior knowledge
morning_evening,Morning,morning_023,الصلاة على النبي ﷺ (Ibrahimic form),"Clean wording — matches the well-known ""as-salah al-Ibrahimiyyah""",Present,"""Sahih al-Bukhari, Sahih Muslim"" is correct for the WORDING (Bukhari 3370, Muslim 406, from Ka'b ibn 'Ujrah) — this is accurate",Bukhari 3370 / Muslim 406,Ka'b ibn 'Ujrah (not shown),Not re-confirmed live,"No count shown — appropriate, since this hadith establishes the wording of Salawat during tashahhud, not a morning/evening repetition count","**Needs contextual qualification** — Bukhari 3370/Muslim 406 establish this as the correct FORM of Salawat (originally asked about for use in prayer), not as a morning/evening-specific dhikr; its inclusion here follows the general virtue of sending salawat (echoed in other hadith, e.g. reward multiplied for reciting salawat) and long-standing compilation convention (Hisn al-Muslim etc.) rather than a specific morning/evening narration","Acceptable, by convention — same category as morning_017",Accurate,Accurate,MEDIUM,Consider noting in the UI/metadata that this item's presence in Morning/Evening reflects general convention (compatible with the topic) rather than a hadith specifically prescribing salawat at these two times — content/wording itself needs no change,Prior knowledge (Bukhari 3370/Muslim 406 wording is extremely well known)
morning_evening,Evening,"morning_023 (evening copy, unchanged)",الصلاة على النبي ﷺ,Same,Present,Same,Same,Same,Same,Same,Same qualification,Same,Accurate,Accurate,MEDIUM,Same,Same
morning_evening,Evening,evening_001,أعوذ بكلمات الله التامات من شر ما خلق (×3),Clean — well-known wording,Present,"""Jami' at-Tirmidhi — hasan (al-Tirmidhi); sahih (al-Albani)"" — plausible, consistent with the well-known Tirmidhi 3604 (from Khawlah bint Hakim); the app's own two-scholar hedge (Tirmidhi's own ""hasan"" plus al-Albani's stronger ""sahih"") is an appropriately nuanced presentation, not independently re-confirmed live this pass",Tirmidhi 3604 (not re-fetched),Khawlah bint Hakim (not shown),App's own dual-grading presentation appears appropriate,"3x consistent with common citation, though the base Muslim/Tirmidhi hadith wording itself doesn't always specify a repeat count in every version — not independently re-verified","Correct — this is a well-known evening-only (and general-protection) dhikr; note it has NO morning counterpart in the app, which is itself correct (the hadith is not typically presented as a morning dhikr)","Correct (evening-only, no morning duplicate — correct)",Accurate,Accurate,LOW,Verify the exact 3x repetition is in the base hadith text vs. added by convention,Prior knowledge
prayer,Prayer,prayer_001,أستغفر الله,Accurate (matches Muslim 591),"Fully voweled, consistent with hadith",Correctly cited,"Sahih Muslim 591 (also Tirmidhi 300, Nasa'i 1337, Ibn Majah 928)","Missing — narrator (Thawban رضي الله عنه) present in source_ar but not spelled out beyond ""عن ثوبان"", acceptable",Accurate (Sahih),"Explicitly established (3x, part of narration)",B — explicitly the Prophet's ﷺ own after-prayer practice,Correct placement,Accurate,Accurate,LOW,None needed,dorar.net/hadith/sharh/39717; WebSearch confirmation
prayer,Prayer,prayer_001b,اللهم أنت السلام,"**Variant wording** — DITHAR has ""تَبَارَكْتَ **يَا** ذَا الْجَلاَلِ"" (with يا); the Sahih Muslim 591 wording as commonly transmitted is ""تَبَارَكْتَ ذَا الْجَلَالِ وَالْإِكْرَامِ"" (without يا) — the ""يا"" variant is attested instead in Sunan Abi Dawud / Sunan Ibn Majah versions of the same content","Voweled, consistent with the displayed (non-Muslim) variant","**Source/wording mismatch**: cited as Sahih Muslim (591) but displays a wording variant attested in Abu Dawud/Ibn Majah, not the Muslim wording itself",Sahih Muslim 591 (as cited) vs. Abu Dawud/Ibn Majah (actual wording match),Present (Thawban),"Both wordings authentic in their own collections; not a fabrication, but a citation-precision issue","Same as prayer_001 (part of the same narration, said once)",B,Correct placement,Accurate,Accurate,MEDIUM,"Re-attribute source to the collection whose wording is actually displayed (Abu Dawud/Ibn Majah), or switch displayed text to Muslim's exact wording","dorar.net/hadith/sharh/80334, /39717; surahquran.com Hadith-30811, Hadith-30180"
prayer,Prayer,prayer_002,لا إله إلا الله وحده لا شريك له (المغيرة),Accurate — matches Bukhari 844 exactly,"Fully voweled, consistent","Correctly cited (Bukhari 844, also Muslim)",Sahih al-Bukhari 844,Present (al-Mughirah ibn Shu'bah),"Accurate (Sahih, agreed-upon)","N/A — no repetition count in this hadith; `repeat: 1` correctly reflects ""no count""","A — explicit Prophetic practice ""دبر كل صلاة""",Correct placement,"**Materially inaccurate**: English text inserts ""(three times)"" after ""...over all things capable"" — this phrase does NOT exist in DITHAR's own Arabic text_ar for this record and is not part of the Bukhari 844 narration; it appears to be accidentally carried over from a different dhikr's count annotation",Accurate,HIGH,"Remove the erroneous ""(three times)"" from text_en — it invents a repetition instruction not present in the Arabic or the hadith",dorar.net/h/Ezjd3fpI; hadithprophet.com/hadith-37078
prayer,Prayer,prayer_003,لا إله إلا الله وحده لا شريك له (ابن الزبير),"Accurate — matches Sahih Muslim 594 exactly, word for word","Fully voweled, consistent",Correctly cited,Sahih Muslim 594,Present (Abdullah ibn al-Zubayr),"Accurate, but see note: report is narrated as Ibn al-Zubayr's own practice (""كان ابن الزبير يقول..."") with an appended note ""وكان رسول الله يهلل بهن دبر كل صلاة"" establishing Prophetic origin — technically mawquf-with-marfu‘-addition rather than a plain marfu' hadith; still sahih and correctly used",Not explicitly numbered; `repeat: 1` (no count) is correct — matches narration,"B/A — ""دبر كل صلاة"" explicit in the report",Correct placement,Accurate,Accurate,LOW,Optionally note the mawquf/marfu' nuance in documentation (not required for display),Tumblr/hadeth citing Muslim 594 wording; binbaz.org.sa/fatwas/13281
prayer,Prayer,prayer_004,سبحان الله (33x),Accurate,Fully voweled,Correctly cited,Sahih Muslim 597 (also Bukhari),Present (Abu Hurairah),"Accurate (Sahih, mutafaq 'alayh)",Explicitly established (33x is the narration's own number),A,Correct placement,Accurate,Accurate,LOW,None,Well-established hadith; not independently re-fetched from primary text this pass given very high prior confidence — recommend a follow-up direct-source check before treating as fully closed
prayer,Prayer,prayer_004b,الحمد لله (33x),Accurate,Fully voweled,Correctly cited,Sahih Muslim 597,Present,Accurate,Explicitly established,A,Correct placement,Accurate,Accurate,LOW,None,same as prayer_004
prayer,Prayer,prayer_004c,الله أكبر (33x),Accurate,Fully voweled,Correctly cited,Sahih Muslim 597,Present,Accurate,Explicitly established,A,Correct placement,Accurate,Accurate,LOW,None,same as prayer_004
prayer,Prayer,prayer_004d,لا إله إلا الله وحده... (تمام المائة),"Accurate — matches the ""تمام المائة"" clause of Muslim 597",Fully voweled,Correctly cited,Sahih Muslim 597,Present,Accurate,Explicitly established (completes the 99 to 100),A,Correct placement,Accurate,Accurate,LOW,None,same as prayer_004
prayer,Prayer,prayer_006,آية الكرسي بعد الصلاة,"Not independently re-verified against Tanzil/quran.com in THIS pass (well-known verse, Al-Baqarah 2:255) — flagged Uncertain for a strict diacritics-stripped comparison, not for suspected error","Uses older-style spelling conventions (e.g. ""الأَرْضِ"") consistent with common Mushaf print variants; not flagged as wrong, but not independently re-verified",Reference given but vague on secondary attribution,"Sunan an-Nasa'i, al-Sunan al-Kubra (9928)",Present (Abu Umamah al-Bahili),"**Grading needs qualification**: DITHAR states ""Hasan (al-Albani)""; sources found instead show Ibn Hibban graded it Sahih (in Bulugh al-Maram context) and al-Shawkani assessed the Nasa'i isnad as Hasan — al-Albani's own specific grading of this exact wording was not independently located in this pass","Not numbered — `repeat: 1`, correct (no count established beyond ""read it"")","D-leaning-A — ""دبر كل صلاة مكتوبة"" is explicit in the hadith itself, so occasion is well-supported; but grading nuance above affects confidence",Correct placement,Accurate,Accurate,MEDIUM,"(1) Independently verify Ayat al-Kursi's Uthmani text via Tanzil for this record specifically; (2) qualify the grading (Ibn Hibban: sahih; al-Shawkani: hasan isnad) rather than attributing ""Hasan"" solely to al-Albani without a located primary citation",binbaz.org.sa/fatwas/12906; islamweb.net/ar/fatwa/276580
prayer,Prayer,prayer_005,سورة الإخلاص بعد الصلاة,"Quran (Al-Ikhlas) — not independently re-verified via Tanzil in this pass; extremely well-known short surah, low risk",Not independently re-verified this pass,"**Source is vague/non-primary**: ""ورد في السنة، وذكره الشيخ ابن باز ضمن أذكار أدبار الصلوات"" does not name a hadith collection or number — falls short of section 11's ""reported in the Sunnah... is not sufficient"" standard, especially since the SAME underlying practice (reciting the three Quls after every prayer) IS traceable to a specific, named hadith (Abu Dawud 1523, 'Uqbah ibn 'Amir) that prayer_005b/005c correctly cite",Abu Dawud 1523 (per 005b/005c; not cited here),Missing,Not established for this record specifically (vague sourcing),See CRITICAL count finding (shared with 005b/005c) — repeatByPrayer 3x/1x is not established by the cited source,Correct general placement (post-prayer dhikr is well attested for the Mu'awwidhat as a set),Correct placement,Accurate,Accurate,CRITICAL (count) / HIGH (source),"(1) Cite the same Abu Dawud 1523 'Uqbah ibn 'Amir hadith used for 005b/005c, or find the specific source Ibn Baz actually cites; (2) see the shared repeatByPrayer finding for 005/005b/005c",islamweb.net/ar/fatwa/57139; dorar.net/hadith/sharh/83302
prayer,Prayer,prayer_005b,سورة الفلق بعد الصلاة,Quran (Al-Falaq) — not independently re-verified via Tanzil this pass,Not independently re-verified this pass,"Correctly cited, with narrator",Sunan Abi Dawud 1523,Present ('Uqbah ibn 'Amir),Accurate — graded sahih (commonly cited as sahih by al-Albani in Sahih Abi Dawud),"**CRITICAL — incorrect prescribed count**: DITHAR's `repeatByPrayer` (3x after Fajr/Maghrib, 1x after Dhuhr/Asr/Isha) is NOT established by the cited Abu Dawud 1523 hadith, which simply instructs reciting the Mu'awwidhat once ""دبر كل صلاة"" (after every prayer) with no differentiation by prayer. The ""3 times"" figure appears in a DIFFERENT, well-known hadith about reciting the three Quls 3 times in the **morning and evening** (a calendar morning/evening dhikr, not a post-Fajr/post-Maghrib-prayer dhikr) — these two distinct practices (post-prayer dhikr vs. morning/evening dhikr) appear to have been conflated because Fajr/Maghrib roughly coincide with morning/evening","D — the underlying ""recite after every prayer"" placement is well supported (A); but the ""3x specifically at Fajr/Maghrib"" refinement is NOT itself prescribed by the cited source for the post-prayer context — an unsupported specialization",Correct placement,Accurate,Accurate,**CRITICAL**,"Change `repeatByPrayer` to a flat `repeat: 1` for all prayers (matching what Abu Dawud 1523 actually establishes for the post-prayer context), OR locate and cite a distinct source that specifically ties a 3x count to post-Fajr/post-Maghrib recitation (not the separate morning/evening dhikr hadith) before keeping the differentiated count","islamqa.info/ar/answers/115073 (""استحباب قراءة المعوذات بعد كل صلاة **مرة**، وفي الصباح والمساء **ثلاث مرات**"" — explicitly distinguishes ""once after each prayer"" from ""three times in morning/evening""); dorar.net/hadith/sharh/83302"
prayer,Prayer,prayer_005c,سورة الناس بعد الصلاة,Quran (An-Nas) — not independently re-verified via Tanzil this pass,Not independently re-verified this pass,"Correctly cited, with narrator",Sunan Abi Dawud 1523,Present ('Uqbah ibn 'Amir),Accurate,Same CRITICAL count finding as prayer_005b,Same as prayer_005b,Correct placement,Accurate,Accurate,**CRITICAL**,Same as prayer_005b,Same as prayer_005b
prayer,Prayer,prayer_007,لا إله إلا الله وحده... يحيي ويميت (10x بعد الفجر والمغرب),Accurate as displayed,Fully voweled,Grade cited but narrator omitted,"Jami' al-Tirmidhi (also An-Nasa'i, per DITHAR's own note)","**Missing** — narrator ('Umarah ibn Shabib al-Saba'i) not named in source_ar; also note 'Umarah ibn Shabib's status as a Companion is disputed (Ibn Hibban: ""whoever claims he had companionship [with the Prophet ﷺ] has erred"" — some chains insert an unnamed Ansari intermediary), meaning the chain has a documented weakness that qualifies the grading","**Needs qualification**: Tirmidhi's own classification is ""حسن غريب"" (hasan gharib — a rare/isolated chain), and the hadith is more precisely described as *hasan li-ghayrihi* (hasan by supporting evidence) given the chain issue above, not a plain unqualified ""Hasan""; DITHAR's ""Hasan (al-Tirmidhi)"" is directionally correct but omits the gharib/chain caveat",Explicitly established (10x is in the narration),"**Possible merge of two distinct narrations**: separate Fajr-specific and Maghrib-specific versions of this hadith exist in the literature; whether a single narration explicitly covers BOTH occasions together, or DITHAR has combined two related-but-distinct hadiths under one citation, could not be fully confirmed this pass",Correct general placement (both Fajr- and Maghrib-specific versions exist),Accurate,Accurate,MEDIUM,"Name the narrator; qualify the grade as ""hasan gharib / hasan li-ghayrihi"" rather than plain ""Hasan""; confirm whether one narration covers both Fajr+Maghrib or two are being merged",ar.islamway.net/article/96611; surahquran.com/Sharh-Hadith-11224
prayer,Prayer,prayer_008,اللهم إني أسألك علمًا نافعًا (بعد الفجر),Accurate,Fully voweled,Narrator missing; grade may be understated,Sunan Ibn Majah 925,"**Missing** — narrator is Umm Salamah (أم المؤمنين), not named in source_ar","**Possible understatement**: DITHAR says ""Hasan (al-Albani)""; the search evidence found indicates al-Albani graded this hadith **Sahih** (in Sahih Ibn Majah), not merely Hasan — needs direct confirmation from Sahih/Da'if Sunan Ibn Majah before correcting",Not numbered (single dua); `repeat: 1` correct,"A — explicit ""إذا صلى الصبح حين يسلم"" (said right after the Fajr closing salam); prayerScope: ""fajr"" is correctly restrictive",Correct placement,Accurate,Accurate,MEDIUM,"Add narrator (Umm Salamah); verify and likely upgrade grade to Sahih (al-Albani, Sahih Ibn Majah 925) rather than Hasan",surahquran.com/Dhikr-Dua-meaning-72.html; khaledalsabt.com/explanations/319
misc_quranic,Misc,rabbana-atina,ربنا آتنا في الدنيا...,Matches canonical (excerpt from 2:201),Correct,Correct (2:201),N/A — Qur'anic,N/A,N/A,Correct (no count established),Acceptable general placement,"Correct (comprehensive, quran)","Accurate, stylistically freer",Accurate,LOW,None required,"quran.com v4, Saheeh Int'l (id 20)"
misc_quranic,Misc,la-ilaha-illa-anta-subhanaka,لا إله إلا أنت سبحانك...,Matches canonical (excerpt from 21:87),Correct,Correct (21:87),"Supporting hadith: Tirmidhi 3505 (""Da'wat Dhin-Nun"")",Sa'd ibn Abi Waqqas,Hasan/Sahih (graded hasan gharib by al-Tirmidhi; authenticated by al-Albani in Sahih al-Jami'),Correct (no count established),**Correct placement** — explicitly prescribed by hadith for relief from distress,"Correct (distress, quran)","Accurate, minor tense note (""was"" vs ""have been"")",Accurate,LOW,"Consider citing the Tirmidhi hadith alongside the Ayah reference, since the ""distress"" categorization rests on that hadith, not the Ayah alone","quran.com v4, Tirmidhi 3505 (Dorar.net / Sunnah.com cross-ref), Saheeh Int'l"
misc_quranic,Misc,rabbi-hab-li-min-ladunka-dhurriyyatan,رب هب لي من لدنك ذرية طيبة...,"Matches canonical (excerpt from 3:38, drops narrative frame ""هنالك دعا زكريا ربه قال"")",Correct,Correct (3:38),N/A — Qur'anic,N/A,N/A,Correct,Acceptable general placement (Zechariah's own dua for offspring),"Correct (family, quran)",Accurate,Accurate,LOW,None required,"quran.com v4, Saheeh Int'l"
misc_quranic,Misc,rabbi-ijalni-muqim-al-salah,رب اجعلني مقيم الصلاة...,Matches canonical (14:40),Correct,Correct (14:40),N/A — Qur'anic,N/A,N/A,Correct,"Acceptable general placement (Ibrahim's dua, mentions offspring)","Correct (family, quran)","Accurate — minor bracket-gloss difference (""[also]"" vs Saheeh's ""[many]""), not material",Accurate,LOW,None required,"quran.com v4, Saheeh Int'l"
misc_quranic,Misc,rabbana-hab-lana-min-azwajina,ربنا هب لنا من أزواجنا...,Matches canonical (25:74),Correct,Correct (25:74),N/A — Qur'anic,N/A,N/A,Correct,**Correct placement** — verse explicitly about spouses/offspring,"Correct (family, quran)","Accurate — ""spouses""(gender-neutral)/""leaders""(plural) vs Saheeh's ""wives""/""a leader""(singular); translation choice, not distortion",Accurate,LOW,None required,"quran.com v4, Saheeh Int'l"
misc_quranic,Misc,rabbana-la-tuakhidhna,ربنا لا تؤاخذنا...,Matches canonical (excerpt from 2:286),Correct,Correct (2:286),N/A — Qur'anic,N/A,N/A,Correct,Acceptable general placement,Correct (quran),Accurate,Accurate,MEDIUM,"**Recommend also tagging ""evening""/night**: Bukhari 5009 / Muslim 807 — reciting the last two verses of al-Baqarah (285–286) at night is explicitly prescribed (""suffices him""); this record + the next two are excerpts of ayah 286 and currently carry no such tie","quran.com v4, Bukhari 5009, Muslim 807 (Sunnah.com/Dorar.net cross-ref)"
misc_quranic,Misc,rabbana-wala-tahmil-alayna-isran,ربنا ولا تحمل علينا إصرًا...,Matches canonical (excerpt from 2:286),Correct,Correct (2:286),N/A — Qur'anic,N/A,N/A,Correct,Acceptable general placement,Correct (quran),Accurate — near-verbatim Saheeh Int'l,Accurate,MEDIUM,Same as above (Bukhari 5009/Muslim 807 tie),Same
misc_quranic,Misc,rabbana-wala-tuhammilna,ربنا ولا تحملنا ما لا طاقة...,Matches canonical (excerpt from 2:286),Correct,Correct (2:286),N/A — Qur'anic,N/A,N/A,Correct,Acceptable general placement,Correct (quran),Accurate — verbatim Saheeh Int'l,Accurate,MEDIUM,Same as above (Bukhari 5009/Muslim 807 tie),Same
misc_quranic,Misc,rabbana-dhalamna-anfusana,ربنا ظلمنا أنفسنا...,Matches canonical (7:23),Correct,Correct (7:23),N/A — Qur'anic,N/A,N/A,Correct,Acceptable general placement,Correct (quran),Accurate — near-verbatim Saheeh Int'l,Accurate,LOW,None required,"quran.com v4, Saheeh Int'l"
misc_quranic,Misc,**rabbana-hab-lana-min-ladunka-rahmatan**,ربنا هب لنا من لدنك رحمة...,"**CRITICAL — substituted word.** Canonical 18:10 reads ""رَبَّنَآ ءَاتِنَا مِن لَّدُنكَ رَحْمَةً..."" (grant/give — root أ-ت-ي). App text reads ""هَبْ"" (root و-ه-ب, also ""grant/give"" but a different verb) at that position, plus an extra ""لَنَا"" not present at that position in the canonical ayah.",N/A (base text itself non-canonical at that word),Reference (18:10) is correct; text under it is not,N/A — Qur'anic,N/A,N/A,Correct,Acceptable general placement,Correct (quran),"Accurate to the intended/canonical meaning (""grant us mercy"") — ""grant"" reads equally naturally for either verb, so the translation itself does not additionally mislead","Internally consistent with the app's own (non-canonical) Arabic (""hab"" transliterated, not ""aatina"")",**CRITICAL**,"**Do not apply now** — recommend correcting `text_ar` to canonical ""رَبَّنَآ ءَاتِنَا مِن لَّدُنكَ رَحْمَةً وَهَيِّئْ لَنَا مِنْ أَمْرِنَا رَشَدًا"" (adding Tashkeel per the already-cached extraction) once explicitly authorized","quran.com v4 `text_uthmani` (live), Tanzil/alquran.cloud `quran-uthmani` (live), cached `quran_verses.json` (3 independent corroborating sources)"
misc_quranic,Misc,rabbi-ishrah-li-sadri,رب اشرح لي صدري...,"Matches canonical (combines 20:25 + 20:26, drops ""قَالَ"")",Correct,Correct (20:25–26),N/A — Qur'anic,N/A,N/A,Correct,Acceptable general placement (Musa's dua before a difficult task),Correct (quran),"Accurate — drops Saheeh's interpretive brackets, core meaning intact",Accurate,LOW,None required,"quran.com v4, Saheeh Int'l"
misc_quranic,Misc,rabbi-zidni-ilman,رب زدني علمًا.,Matches canonical (excerpt from 20:114),Correct,Correct (20:114),N/A — Qur'anic,N/A,N/A,Correct,Acceptable general placement,Correct (quran),Accurate — verbatim Saheeh Int'l,Accurate,LOW,None required,"quran.com v4, Saheeh Int'l"
misc_quranic,Misc,**rabbi-ighfir-li-waliwalidayya**,رب اغفر لي ولوالدي...,"**CRITICAL — substituted word.** Canonical 14:41 opens ""رَبَّنَا"" (""Our Lord"" — the plural/collective address Ibrahim uses in that whole prayer sequence, vv. 40–41). App text opens ""رَبِّ"" (""My Lord"" — singular address, matching a DIFFERENT verse's pattern e.g. 14:40, 20:25, 28:24 in this same list) — a full word substitution, not a diacritic difference.",N/A (base text itself non-canonical),Reference (14:41) is correct; text under it is not,N/A — Qur'anic,N/A,N/A,Correct,Acceptable general placement,Correct (quran),"**Internally tracks the app's own altered Arabic** — DITHAR's `englishMeaning` says ""My Lord"" (singular), matching the app's own ""رَبِّ"", NOT the canonical ""Our Lord""/""رَبَّنَا"". So the meaning is self-consistent with the flawed Arabic but does not match the actual Ayah's wording.","Internally consistent with the app's own (non-canonical) Arabic (""Rabbighfir"", not ""Rabbanaghfir"")",**CRITICAL**,"**Do not apply now** — recommend correcting `text_ar` to canonical ""رَبَّنَا اغْفِرْ لِي وَلِوَالِدَيَّ وَلِلْمُؤْمِنِينَ يَوْمَ يَقُومُ الْحِسَابُ"" AND correcting `englishMeaning`'s ""My Lord"" → ""Our Lord"" once explicitly authorized (the meaning is currently wrong twice over relative to the true ayah, even though internally consistent with the current — also wrong — Arabic)","quran.com v4 `text_uthmani` (live), Tanzil/alquran.cloud `quran-uthmani` (live), cached `quran_verses.json` (3 independent corroborating sources), Saheeh Int'l"
misc_quranic,Misc,rabbi-inni-lima-anzalta,رب إني لما أنزلت إلي...,Matches canonical (28:24),Correct,Correct (28:24),N/A — Qur'anic,N/A,N/A,Correct,Acceptable general placement (Musa's dua at the well in Madyan),Correct (quran),Accurate — near-verbatim Saheeh Int'l,Accurate,LOW,None required,"quran.com v4, Saheeh Int'l"
misc_quranic,Misc,rabbana-afrigh-alayna-sabran-tawaffana,ربنا أفرغ علينا صبرًا وتوفنا...,Matches canonical (excerpt from 7:126),Correct,Correct (7:126),N/A — Qur'anic,N/A,N/A,Correct,Acceptable general placement (the sorcerers' dua before Pharaoh — steadfastness under threat),Correct (quran),Accurate — word-for-word identical to Saheeh Int'l,Accurate,LOW,None required,"quran.com v4, Saheeh Int'l"
misc_quranic,Misc,rabbana-afrigh-alayna-sabran-thabbit,ربنا أفرغ علينا صبرًا وثبت أقدامنا...,Matches canonical (excerpt from 2:250),Correct,Correct (2:250),N/A — Qur'anic,N/A,N/A,Correct,Acceptable general placement (Talut's army facing Goliath — steadfastness in battle),Correct (quran),Accurate — word-for-word identical to Saheeh Int'l,Accurate,LOW,None required,"quran.com v4, Saheeh Int'l"
misc_quranic,Misc,rabbana-la-tuzigh-qulubana,ربنا لا تزغ قلوبنا...,Matches canonical (3:8),Correct,Correct (3:8),N/A — Qur'anic,N/A,N/A,Correct,**Correct placement** — directly a dua against heart-deviation,"Correct (quran, guidance)",Accurate — word-order-only variance from Saheeh Int'l,Accurate,LOW,None required,"quran.com v4, Saheeh Int'l"
misc_quranic,Misc,rabbana-taqabbal-minna,ربنا تقبل منا...,Matches canonical (excerpt from 2:127),Correct,Correct (2:127),N/A — Qur'anic,N/A,N/A,Correct,Acceptable general placement (Ibrahim & Isma'il building the Ka'bah),Correct (quran),Accurate — word-for-word identical to Saheeh Int'l,Accurate,LOW,None required,"quran.com v4, Saheeh Int'l"
misc_quranic,Misc,rabbana-ighfir-lana-waliikhwanina,ربنا اغفر لنا ولإخواننا...,Matches canonical (excerpt from 59:10 — the ayah continues further; this is a valid partial excerpt),Correct,Correct (59:10),N/A — Qur'anic,N/A,N/A,Correct,Acceptable general placement,Correct (quran),Accurate for the recited portion,Accurate,LOW,None required,"quran.com v4, Saheeh Int'l"
misc_quranic,Misc,rabbana-alayka-tawakkalna,ربنا عليك توكلنا...,Matches canonical (excerpt from 60:4),Correct,Correct (60:4),N/A — Qur'anic,N/A,N/A,Correct,Acceptable general placement (Ibrahim's dua of reliance upon Allah),Correct (quran),"Accurate — adds ""final"" before ""destination"" (not in Saheeh's base text, but within معنى المصير's semantic range; seen in other published translations e.g. Yusuf Ali ""final Goal"")",Accurate,LOW,"None required (stylistic addition, not a distortion)","quran.com v4, Saheeh Int'l"
misc_quranic,Misc,rabbana-atmim-lana-nurana,ربنا أتمم لنا نورنا...,Matches canonical (excerpt from 66:8),Correct,Correct (66:8),N/A — Qur'anic,N/A,N/A,Correct,"Acceptable general placement — could also fit ""istighfar"" thematically (ayah 8's context is ""tawbatan nasuha"") but current tagging is not wrong","Correct (quran) — recommend also considering ""istighfar"" tag",Accurate — word-for-word identical to Saheeh Int'l,Accurate,LOW,"Optional: consider also tagging ""istighfar""","quran.com v4, Saheeh Int'l"
misc_hadith_1,Misc,allahumma-inni-asaluka-alhuda,اللهم إني أسألك الهدى...,Exact match to Muslim 2721 wording,No Tashkeel present (readability only),Correct (Muslim 2721),"Sahih Muslim 2721, Kitab al-Dhikr wal-Du'a","Missing — narrator is Ibn Mas'ud per multiple sources, DITHAR has none",Sahih (undisputed),"Correct: no fixed daily count established, ""بدون عدد محدد"" accurate",Comprehensive/general — acceptable,"Correct (comprehensive, guidance)",Accurate,Accurate,Medium,Add narrator (Ibn Mas'ud),Dorar.net search hits; binbaz.org.sa
misc_hadith_1,Misc,allahumma-ighfir-li-warhamni,اللهم اغفر لي وارحمني واهدني وعافني وارزقني,"**Needs verification** — sources show 2 distinct Muslim narrations: one 4-word form without ""واهدني"" (convert-teaching hadith, Tariq ibn Ashyam, Muslim 2697) and one 4-word finger-counting form with different word set/order (""اغفر لي وارحمني وعافني وارزقني""). DITHAR's 5-word combined form (""اغفر…وارحمني…واهدني…وعافني…وارزقني"") was not located as a single attested narration in this pass — risk of a merged/harmonized wording (§3)",No Tashkeel present,"Vague — plain ""صحيح مسلم"", no number",Likely Sahih Muslim 2697 (Tariq ibn Ashyam) or 2696 (finger-hadith) — needs pinning down,Missing — narrator not in DITHAR at all,Sahih (source family),No fixed count established — correct,General — acceptable,Correct (comprehensive),Accurate assuming wording confirmed,Accurate assuming wording confirmed,**High**,Verify exact single-narration wording against sunnah.com Arabic text of Muslim 2696/2697 before any change; add hadith number + narrator,sunnah.com search; surahquran.com; hadithprophet.com
misc_hadith_1,Misc,allahumma-ihdini-wasaddidni,اللهم اهدني وسددني,Consistent with the well-known short Muslim 2725 dua-al-du'a formula (not independently re-verified this pass beyond prior knowledge cross-check),No Tashkeel present,"Vague — plain ""صحيح مسلم"", no number",Likely Sahih Muslim (du'a chapter),Missing,Presumed Sahih,No fixed count — correct,General,Correct,Accurate,Accurate,Low,Add hadith number/narrator for completeness,Not independently searched this pass — flagged for spot-check
misc_hadith_1,Misc,allahumma-aslih-li-dini,اللهم أصلح لي ديني...,Consistent with well-known Muslim dua (not independently re-verified this pass),No Tashkeel present,"Vague — plain ""صحيح مسلم"", no number",Likely Sahih Muslim 2720,"Missing (Abu Hurairah, per common attribution)",Presumed Sahih,No fixed count — correct,General,Correct,Accurate,Accurate,Low,Add hadith number/narrator,Not independently searched this pass — flagged for spot-check
misc_hadith_1,Misc,allahumma-inni-asaluka-min-al-khayr-kullih,اللهم إني أسألك من الخير كله...,Confirmed matching wording across Dorar.net entries,No Tashkeel present,"Correct, specific","Ibn Majah 3846 / Ahmad 25180, narrated 'A'ishah",Present and correct ('A'ishah),"Correctly stated ""صححه الألباني"" — confirmed Albani graded sahih in Sahih Ibn Majah",No fixed count — correct,General,Correct,Accurate,Accurate,**Clean**,—,"dorar.net/hadith/sharh/83840, 78392, 84047"
misc_hadith_1,Misc,allahumma-inni-asaluka-al-afiyah-fi-al-dunya-wal-akhirah,اللهم إني أسألك العافية في الدنيا والآخرة...,Confirmed matching Abu Dawud 5074 wording,No Tashkeel present,"Correct, specific, multi-collection","Abu Dawud 5074 / Ibn Majah 3871 / Ahmad 4785, Ibn 'Umar",Present and correct (Ibn 'Umar),"""إسناده صحيح"" reasonable per Albani's authentication",No fixed count — correct,"General (morning/evening context per hadith, ""لم يكن يدع هؤلاء الدعوات حين يمسي وحين يصبح"") — DITHAR doesn't over-claim",Correct,Accurate,Accurate,"**Clean** — and note: DITHAR's own `note_ar` *correctly* flags that the popular internet-merged form differs from this full attested wording — excellent, spec-compliant handling (§3)",—,hadithprophet.com/Hadith-translation-4412; hadeethenc.com/en/browse/hadith/5485
misc_hadith_1,Misc,allahumma-iqsim-lana-min-khashyatik,اللهم اقسم لنا من خشيتك...,Confirmed matching wording,No Tashkeel present,Correct,"Tirmidhi 3502, Ibn 'Umar",**Missing** — narrator (Ibn 'Umar) not in DITHAR,"DITHAR says ""حسن عند الترمذي"" — confirmed: Tirmidhi graded ""hasan gharib"" himself; Albani separately graded ""hasan"" in *at-Tawassul*. DITHAR's framing is accurate but could note Albani's independent grading too",No fixed count — correct,General,Correct,Accurate,Accurate,Medium,Add narrator (Ibn 'Umar); optionally note Albani's independent hasan grading,"dorar.net/hadith/sharh/80499, 82831, /h/WvSZKQVf"
misc_hadith_1,Misc,allahumma-bi-ilmika-al-ghayb,اللهم بعلمك الغيب...,"Confirmed matching wording (minor attested variant: ""ما كانت الحياة"" vs ""ما علمت الحياة"" — both appear across sources; DITHAR's is one of the attested forms, not an error)",No Tashkeel present,Correct,"Nasa'i 1305 / Ahmad 18351, 'Ammar ibn Yasir",Present and correct,"""صححه الألباني"" — confirmed",No fixed count — correct,"General (said within/after prayer per the hadith's context — DITHAR's placement is acceptable general placement, not over-specific)",Correct,Accurate,Accurate,**Clean**,—,dorar.net/hadith/sharh/78315
misc_hadith_1,Misc,allahumma-inni-asaluka-al-thabat-fi-al-amr,اللهم إني أسألك الثبات في الأمر...,Confirmed matching wording,No Tashkeel present,"Correct, multi-collection","Tabarani (al-Mu'jam al-Kabir) / Ahmad / Ibn Hibban, Shaddad ibn Aws",Present and correct,"DITHAR states ""صححه الألباني في السلسلة الصحيحة (3228)"" — confirmed. Additional nuance found: Shu'ayb al-Arna'ut graded it **hasan** (not sahih) — a real scholarly grading difference DITHAR doesn't mention (§12)",No fixed count — correct,General,Correct,Accurate,Accurate,Medium,"Note Arna'ut's ""hasan"" grading alongside Albani's ""sahih"" per §12's no-flattening rule",alukah.net sharh; search synthesis citing Arna'ut
misc_hadith_1,Misc,rabbi-aini-wala-tuin-alayya,رب أعني ولا تعن علي...,Confirmed matching wording,No Tashkeel present,Correct,Tirmidhi 3551,**Missing** — narrator is Ibn 'Abbas per Tirmidhi's own chain; DITHAR has none,"DITHAR ""حسن صحيح عند الترمذي"" — search results describe Tirmidhi's own grading simply as ""Hasan"" in most citation sites; ""hasan sahih"" appears in only one paraphrase. Worth double-checking Tirmidhi's exact wording of his own verdict before relying on ""hasan sahih"" specifically",No fixed count — correct,General,"Correct (comprehensive, istighfar, guidance)",Accurate,Accurate,Medium,Add narrator (Ibn 'Abbas); verify exact Tirmidhi grading wording (hasan vs hasan-sahih),dorar.net search; kalemtayeb.com
misc_hadith_1,Misc,sayyid-al-istighfar,اللهم أنت ربي لا إله إلا أنت...,**Exact** word-for-word match to Bukhari 6306,No Tashkeel present,"Correct, specific","Bukhari 6306, Shaddad ibn Aws",Present and correct,"Sahih — undisputed, Bukhari","DITHAR's count note (""حسب سياق الحديث، وليس عددًا يوميًا عامًا"") is exactly right — the hadith's virtue is tied to saying it with certainty (يقينًا) once during the day/night, not a repeat count; correctly NOT converted into a fixed daily repeat (§6 compliance, exemplary)",General (istighfar),Correct,Accurate,Accurate,**Clean** — exemplary record,—,dorar.net/hadith/sharh/9080
misc_hadith_1,Misc,rabbi-ighfir-li-watub-alayya,رب اغفر لي وتب علي إنك أنت التواب الرحيم,Confirmed matching wording,No Tashkeel present,"Correct, multi-collection","Abu Dawud 1516 / Tirmidhi 3434 / Ibn Majah 3814, Ibn 'Umar",Present and correct,Sahih,"DITHAR's count note (""ورد في سياق الإكثار في المجلس، وليس عددًا يوميًا مطلقًا"") is **exactly correct** — hadith says ""مائة مرة"" (100 times) in ONE gathering context (Ibn 'Umar's report), and DITHAR deliberately does NOT convert that into ""always say 100 times"" — model handling of §6's core warning",General (istighfar),Correct,Accurate,Accurate,**Clean** — exemplary record,—,surahquran.com/Hadith-70923; hadithprophet.com/hadith-1295
misc_hadith_1,Misc,allahumma-ighfir-li-khatiati-wajahli,اللهم اغفر لي خطيئتي وجهلي...,"**Uncertain / conflicting** — one commonly-quoted rendering (attributed to Bukhari 6398) opens ""رب اغفر لي..."" and includes ""وإسرافي في أمري **كله**""; DITHAR opens ""اللهم اغفر لي..."" and omits ""كله"". A Dorar.net ""صحيح مسلم"" entry snippet opens ""اللَّهمَّ اغفِرْ لي..."" (matching DITHAR's opening) but the middle clause word order in another paraphrase differs (""خطاياي وعمدي، وجهلي وهزلي"" vs DITHAR's ""جدي وهزلي، وخطئي وعمدي""). This looks like genuine Bukhari-vs-Muslim wording variance for the same hadith (Abu Musa al-Ash'ari) compounded by search-snippet imprecision — could NOT be fully resolved to one authoritative wording within this pass",No Tashkeel present,"DITHAR cites both ""صحيح البخاري (6398) وصحيح مسلم"" together as if one wording — if the two collections' wordings genuinely differ (as evidence suggests), citing both under one Arabic string risks conflating two narrations (§13)","Bukhari 6398 AND Muslim (chapter: التعوذ من شر ما عمل, ~2719)",Present and correct (Abu Musa al-Ash'ari),"Sahih (both collections) — grading not in question, wording is",N/A,General,"Correct (istighfar, comprehensive)",Accurate regardless of which exact wording is confirmed,Accurate regardless,**High**,"Fetch raw Arabic text of Bukhari 6398 AND Muslim's parallel hadith directly (e.g. via sunnah.com's Arabic pane) before touching anything; if they differ, decide per §17 which single wording DITHAR's ONE Arabic field should carry, and whether the ""Bukhari and Muslim"" combined citation should split","x.com/saheh_hadith (unverified secondary); dorar.net/hadith/sharh/24606, 24604; sounah.com/hadith/5515"
misc_hadith_1,Misc,audhu-bikalimatillah-al-tammat,أعوذ بكلمات الله التامات من شر ما خلق,"Confirmed matching wording (Sahih Muslim; note: the *classic* ""من نزل منزلًا"" isti'adhah-when-camping hadith is narrated by Khawla bint Hakim, Muslim 2708 — not the morning/evening ""3 times"" variant from Abu Hurairah, which is a DIFFERENT, separately-graded hadith with the same wording)",No Tashkeel present,"Vague — plain ""صحيح مسلم"", no number","Likely Muslim 2708, Khawla bint Hakim","**Missing** — and this matters more than usual here because two DIFFERENT hadiths (Khawla's ""when camping"" report and Abu Hurairah's morning/evening report) share this exact wording — DITHAR's occasion_ar is empty, so it's not clear which of the two the record represents",Sahih,"No count set — appropriate given DITHAR gives no occasion; if the ""3 times, morning/evening"" hadith is intended instead, a count and occasion should be added (§6/§7)","**Needs contextual qualification** — categories are `protection, travel`; the *only* hadith with an explicit prescribed occasion for this wording is the ""camping/making camp"" one (matches `travel`), not a general daily ""protection"" habit — `protection` as a category is a defensible general association (C: ""general dhikr that may be said in many situations"") but not ""specifically prescribed"" for that occasion the way `travel` is",Correct,Accurate,Accurate,Medium,"Add narrator (Khawla bint Hakim) and hadith number (Muslim 2708); consider whether `protection` category needs a ""general dhikr"" qualifier vs `travel`'s ""specifically prescribed"" status","dorar.net/hadith/sharh/20532, 111174"
misc_hadith_1,Misc,allahumma-inni-audhu-bika-min-al-ajz,اللهم إني أعوذ بك من العجز والكسل...,Confirmed **exact** match,No Tashkeel present,"Correct, specific","Sahih Muslim 2706, Anas ibn Malik",Present and correct,Sahih,No fixed count — correct,General (protection),Correct,Accurate,Accurate,**Clean**,—,dorar.net/hadith/sharh/12527
misc_hadith_1,Misc,allahumma-inni-audhu-bika-min-jahd-al-bala,اللهم إني أعوذ بك من جهد البلاء...,Confirmed **exact** match,No Tashkeel present,"DITHAR: ""صحيح البخاري وصحيح مسلم"" (no numbers) — confirmed BOTH collections carry this exact wording (unlike the khatiati-wajahli case above), so combining them under one citation is fine here",Bukhari 6347 / Muslim 2707,**Missing**,Sahih (both),No fixed count — correct,General,Correct,Accurate,Accurate,Low,Add specific numbers (6347/2707) for completeness,binbaz.org.sa; alukah.net
misc_hadith_1,Misc,allahumma-inni-audhu-bika-min-al-faqr,اللهم إني أعوذ بك من الفقر والقلة والذلة...,Confirmed **exact** match,No Tashkeel present,"Correct, multi-collection","Abu Dawud 1544 / Nasa'i 5460 / 5462, Abu Hurairah",Present and correct,"DITHAR ""صححه الألباني وابن حبان والحاكم"" — confirmed Albani; also confirmed Shu'ayb al-Arna'ut graded the isnad sahih independently — consistent, no flattening issue",No fixed count — correct,General (protection),Correct,Accurate,Accurate,**Clean**,—,dorar.net/hadith/sharh/79433
misc_hadith_1,Misc,allahumma-inni-audhu-bika-min-sharri-samee,اللهم إني أعوذ بك من شر سمعي...,Confirmed **exact** match,No Tashkeel present,"Correct, multi-collection","Abu Dawud 1551 / Tirmidhi 3492 / Nasa'i 5444, Shakal ibn Humayd",Present and correct,"""صححه الألباني"" — confirmed",No fixed count — correct,General,Correct,Accurate,Accurate,**Clean**,—,kalemtayeb.com/safahat/item/3113
misc_hadith_1,Misc,allahumma-inni-audhu-bika-min-sharri-ma-amiltu,اللهم إني أعوذ بك من شر ما عملت...,"High-confidence match to Sahih Muslim 2716 (part of Ibn 'Umar's travel-dismount du'a) — **not independently re-searched this pass**, flagged for spot-check rather than asserted with full confidence",No Tashkeel present,"Vague — plain ""صحيح مسلم (2716)"" (number present, good)",Sahih Muslim 2716,"Missing (Ibn 'Umar, per common attribution)",Presumed Sahih,No fixed count — correct,General,Correct,Accurate,Accurate,Low,Spot-check wording directly; add narrator,Not independently searched — flagged
misc_hadith_1,Misc,allahumma-inni-audhu-bika-min-zawal-nimatik,اللهم إني أعوذ بك من زوال نعمتك...,Confirmed **exact** match,No Tashkeel present,"Correct, specific","Sahih Muslim 2739, Ibn 'Umar",**Missing**,Sahih,No fixed count — correct,General,Correct,Accurate,Accurate,Medium,Add narrator (Ibn 'Umar),khutabaa.com; iumsonline.org
misc_hadith_1,Misc,allahumma-inni-audhu-bika-min-al-bukhl-wal-jubn,اللهم إني أعوذ بك من البخل...,Confirmed **exact** match,No Tashkeel present,"Vague — plain ""صحيح البخاري"", no number","Bukhari 6390, Sa'd ibn Abi Waqqas",**Missing**,Sahih,No fixed count — correct,General,Correct,Accurate,Accurate,Medium,Add number (6390) and narrator (Sa'd ibn Abi Waqqas),dorar.net/hadith/sharh/63570
misc_hadith_1,Misc,dua-al-karb,لا إله إلا الله العظيم الحليم...,Confirmed **exact** match,No Tashkeel present,"Correct, specific","Bukhari 5996 (DITHAR says ""صحيح البخاري وصحيح مسلم"" without numbers) / Muslim, Ibn 'Abbas",Present and correct,"Sahih (agreed-upon, ""متفق عليه"")","No fixed count — correct (occasion-triggered, not repeated)","Correctly scoped: ""عند الكرب"" is explicitly the hadith's own stated occasion (category A: explicitly prescribed)",Correct (distress),Accurate,Accurate,**Clean**,Optionally add specific numbers,dorar.net/hadith/sharh/6115
misc_hadith_1,Misc,allahumma-inni-audhu-bika-min-al-hamm,اللهم إني أعوذ بك من الهم والحزن...,Confirmed **exact** match,No Tashkeel present,"Vague — plain ""صحيح البخاري وصحيح مسلم"", no numbers","Bukhari (and per DITHAR, also Muslim — search results in this pass confirmed the Bukhari route from Anas clearly; the Muslim parallel was not independently pinned to a number this pass)",**Missing** — Anas ibn Malik,Sahih,No fixed count — correct,"General (distress, debtRizq) — the ""ضلع الدين وغلبة الرجال"" clause does support the debtRizq association reasonably",Correct,Accurate,Accurate,Medium,Add narrator (Anas ibn Malik) and specific numbers,khaledalsabt.com; hadithprophet.com/hadith-36845
misc_hadith_1,Misc,audhu-billahi-min-al-shaytan-al-rajim,أعوذ بالله من الشيطان الرجيم,"**Wording likely too short for the specific occasion cited** — the actual anger-specific hadith (Sulayman ibn Surad, Bukhari/Muslim/Abu Dawud) has the Prophet's prescribed formula as ""**اللهم إني أعوذ بك من الشيطان الرجيم**"" (addressed to Allah, ""O Allah, I seek refuge in You..."") — DITHAR's shorter ""أعوذ بالله من الشيطان الرجيم"" is the generic Qur'an-recitation isti'adhah convention (an-Nahl 16:98), not the specific anger-hadith's own wording",No Tashkeel present,"**Too vague — ""ثابت في السنة"" is explicitly the kind of citation §11 says NOT to accept as sufficient for production**",Should be the Sulayman ibn Surad narration — Abu Dawud (~4780 range) / Bukhari 6115 / Muslim 2610 (exact numbers not pinned down this pass),Missing,Not established in DITHAR at all,N/A,"occasion_ar ""عند الغضب ووسوسة الشيطان"" (anger + whispers) is a *reasonable general association* for seeking refuge from Satan, but the SPECIFIC anger-hadith's own wording is longer than what's shown — this is exactly the §3 ""shortened version"" risk pattern",Correct (protection),Accurate,Accurate,**High**,"Locate and cite the specific Sulayman ibn Surad anger-hadith (Bukhari/Muslim/Abu Dawud) with its exact wording ""اللهم إني أعوذ بك من الشيطان الرجيم""; either match DITHAR's Arabic to that wording or reclassify this record's occasion/source honestly as ""general isti'adhah convention"" rather than ""the Prophet's specific anger-remedy""",binbaz.org.sa/fatwas/18877; hadithprophet.com/hadith-4149
misc_hadith_1,Misc,allahumma-rabb-al-nas-adhhib-al-bas,اللهم رب الناس، أذهب الباس...,"Matching content; **word-order variant attested** — most-cited Bukhari/Abu Dawud renderings open ""أذهب الباس رب الناس"" (imperative-first) rather than DITHAR's ""اللهم رب الناس أذهب الباس"" (vocative-first); both orders appear across different narration chains of this widely-repeated hadith, so this reads as normal narration variance rather than an error, but worth a primary-text check",No Tashkeel present,"Vague — plain ""صحيح البخاري وصحيح مسلم"", no numbers","'A'isha, multiple Bukhari/Muslim placements",Missing ('A'isha),Sahih (agreed-upon),No fixed count — correct,Correctly scoped: explicitly the Prophet's own ruqyah when visiting/reciting over the sick (category A),Correct (healing),Accurate,Accurate,Low,Double-check word order against sunnah.com's primary Arabic text; add narrator ('A'isha) and numbers,"dorar.net/hadith/sharh/117406, 121786"
misc_hadith_1,Misc,bismillahi-arqik,باسم الله أرقيك...,"Confirmed matching content; minor spelling note: DITHAR ""باسم الله"" (full spelling) vs the more commonly quoted ""بسم الله"" (elided) — both are legitimate spellings of the same phrase, not a wording change, but worth normalizing to the collection's own convention if precision matters",No Tashkeel present,"Correct, specific","Sahih Muslim 2186, Abu Sa'id al-Khudri",Present and correct,Sahih,No fixed count — correct,"Correctly scoped: this is the Jibril-ruqyah hadith, category A",Correct (healing),Accurate,Accurate,Low,"Consider ""بسم الله"" spelling to match the primary text exactly",x.com/saheh_hadith; sunnah.com search
misc_hadith_1,Misc,asalu-allah-al-adhim-an-yashfiyak,أسأل الله العظيم رب العرش العظيم أن يشفيك,Confirmed **exact** match,No Tashkeel present,"Correct, specific","Abu Dawud 3106 (also Tirmidhi 2083, Ahmad 2137, al-Hakim)",**Missing** — Ibn 'Abbas,Grade not stated by DITHAR at all (blank hadith_grade concept) — search did not surface a clear-cut Albani/Arna'ut grading statement in this pass; flagged,"DITHAR's ""7 مرات عند عيادة المريض"" is **exactly correct** — the hadith explicitly says ""سبع مرار"" (seven times) in the specific context of visiting a sick person whose time hasn't come — excellent §6 compliance","Correctly scoped: explicit prescribed occasion (visiting the sick), category A",Correct (healing),Accurate,Accurate,Medium,Add narrator (Ibn 'Abbas) and an explicit grading statement,surahquran.com/Sharh-Hadith-11486
misc_hadith_1,Misc,la-bas-tahurun-inshallah,لا بأس، طهور إن شاء الله,High-confidence match to the extremely well-known Bukhari hadith (Ibn 'Abbas/'A'isha visiting-the-sick narrations) — **not independently re-searched this pass**,No Tashkeel present,"Vague — plain ""صحيح البخاري"", no number",Bukhari (visiting-the-sick chapter),Missing,Presumed Sahih,"DITHAR ""بلا عدد"" — correct, this is a one-time consoling remark, not a repeated formula",Correctly scoped (healing),Correct,Accurate,Accurate,Low,Spot-check + add number/narrator,Not independently searched — flagged
misc_hadith_1,Misc,dua-al-janaza,اللهم اغفر له وارحمه وعافه واعف عنه...,Confirmed **exact** word-for-word match,No Tashkeel present,"Correct, specific","Sahih Muslim 963, 'Awf ibn Malik",Present and correct,Sahih,"DITHAR ""بحسب الدعاء في صلاة الجنازة"" is appropriately scoped — no fixed repeat count claimed",Correctly scoped: this IS the funeral-prayer du'a per the hadith itself (category A),Correct (deceased),Accurate,Accurate,**Clean** — exemplary,—,mawdoo3.com; muslim.lna.io/883
misc_hadith_1,Misc,allahumma-ighfir-li-abi-salama,اللهم اغفر لأبي سلمة...,"Confirmed **exact** match (minor orthographic variant: DITHAR ""وأفسح"" vs some sources ""وافسح"" — same word, hamza-writing convention only, not a wording change)",No Tashkeel present,"Vague — plain ""صحيح مسلم"", no number","Sahih Muslim, Umm Salamah",**Missing** — Umm Salamah,Sahih,"count_ar is `None`/absent — appropriate, no count claimed","Correctly scoped: this is a proper-name du'a specific to Abu Salamah's death, shown as a template — acceptable general placement in `deceased` since it models the pattern rather than claiming universal prescription",Correct,Accurate,Accurate,Medium,Add narrator (Umm Salamah) and hadith number; note this is a named individual's du'a used as a template,khaledalsabt.com; alathar.net
misc_hadith_1,Misc,inna-lillahi-wa-inna-ilayhi-rajiun,إنا لله وإنا إليه راجعون، اللهم أجرني...,Confirmed **exact** match,No Tashkeel present,"Vague — plain ""صحيح مسلم"", no number","Sahih Muslim, Umm Salamah",**Missing**,Sahih,count_ar absent — appropriate,"Correctly scoped: this IS the Qur'anically-rooted (2:156) hadith-extended mourning formula, category A",Correct (deceased),Accurate,Accurate,Medium,Add narrator (Umm Salamah) and number,masrawy.com; khaledalsabt.com
misc_hadith_1,Misc,bismillahi-allahumma-jannibna-al-shaytan,بسم الله، اللهم جنبنا الشيطان...,Confirmed **exact** match to the core prescribed formula,No Tashkeel present,"Vague — plain ""صحيح البخاري وصحيح مسلم"", no numbers","Bukhari 6388 / Muslim 1434, Ibn 'Abbas",**Missing**,Sahih (agreed-upon),"DITHAR ""مرة عند المناسبة"" (once, on the occasion) is correct — matches the hadith's own ""قال"" (single utterance before intimacy)",Correctly scoped: explicit prescribed occasion (category A),Correct (family),Accurate,Accurate,Medium,Add narrator (Ibn 'Abbas) and numbers,islamweb.net library 80/851
misc_hadith_1,Misc,dua-al-rukub,سبحان الذي سخر لنا هذا وما كنا له مقرنين...,"Confirmed as a legitimate, valid PARTIAL excerpt (this opening tasbih is itself Qur'an 43:13–14, embedded at the start of the fuller Muslim/Abu Dawud/Tirmidhi travel-mounting du'a; DITHAR's shorter excerpt is not a misquote, just a deliberate partial)","No Tashkeel present (also: since this opening clause is literally Qur'anic text, it should arguably be flagged `isQuranic` or at least tashkeel-sourced from the Qur'an directly once tashkeel work resumes — noting for that future pass)","**Too vague — ""ثابت في السنة"" (§11 risk)** despite a concrete citation being readily available","Sahih Muslim (Ibn 'Umar) / Abu Dawud / Tirmidhi (""حديث حسن"" per Tirmidhi)",Missing (Ibn 'Umar),Not stated by DITHAR,count_ar absent — appropriate (said once when mounting),Correctly scoped (travel),Correct,Accurate,Accurate,Medium,Cite the specific collection+number; note the opening clause's Qur'anic origin (43:13–14) for the eventual Tashkeel pass,binbaz.org.sa/fatwas/19956; alukah.net
misc_hadith_1,Misc,ayibun-taibun-abidun,آيبون تائبون عابدون لربنا حامدون,Confirmed **exact** match,No Tashkeel present,"Vague — plain ""صحيح مسلم"", no number","Bukhari/Muslim, narrated through **Anas ibn Malik** (also attested via Ibn 'Umar in other placements) — my own initial search query guessed ""Ibn 'Umar"" as narrator, which the search results corrected",**Missing** — should be Anas ibn Malik (primary),Sahih (agreed-upon),"count_ar absent — appropriate (repeated continuously while traveling per the hadith, not a fixed count)","Correctly scoped: explicit prescribed occasion (returning from travel), category A",Correct (travel),Accurate,Accurate,Low,Add narrator (Anas ibn Malik),"hadithprophet.com/hadith-33808, 49649, 61640"
misc_hadith_2,Misc,khuruj-min-al-manzil,بسم الله، توكلت على الله...,"Accurate; matches Shu'ayb al-Arnaut's citation exactly. One scholarly citation (Al-Albani, Sahih al-Jami') omits the initial ""و"" on ""ولا حول"" — minor transmission-variant, not an error","No Tashkeel present (readability only, not a wording issue)","Present but generic (""أبو داود (5095)، والترمذي (3426)، والنسائي؛ صححه الألباني"") — accurate as far as it goes","Sunan Abi Dawud 5095, Jami' al-Tirmidhi 3426, al-Nasa'i in al-Sunan al-Kubra 9917",**Missing** — narrator is Anas ibn Malik; `narrator_ar`/`narrator_en` are null,"Hasan sahih (Shu'ayb al-Arnaut); sahih (al-Albani, Sahih al-Jami') — DITHAR's ""صححه الألباني"" is accurate but incomplete (doesn't name al-Arnaut's independent hasan-sahih grading)","Correct — no count established beyond ""once, when leaving""",Correct — explicitly prescribed for leaving the home,Correct (home),Accurate,Accurate,MEDIUM,Add narrator (Anas ibn Malik) to `narrator_ar`/`narrator_en`; optionally note al-Arnaut's independent hasan-sahih grading alongside al-Albani's,dorar.net/h/fbsaXG1v ; dorar.net/h/90kV0OIj ; islamicurdubooks.com hadith 5095
misc_hadith_2,Misc,allahumma-inni-audhu-bika-an-adilla-aw-udall,اللهم إني أعوذ بك أن أضل أو أُضل...,"Accurate and complete — matches the Abu Dawud 5094 / Tirmidhi 3427 wording (all four active/passive verb pairs present, ""إني"" correctly retained)","No Tashkeel present (readability only, not a wording issue)",Accurate and appropriately detailed,"Sunan Abi Dawud 5094, Jami' al-Tirmidhi 3427, al-Nasa'i 5486, Ibn Majah 3884, Musnad Ahmad 26616",Correct — Umm Salamah,Sahih (al-Albani; isnad sahih per Shu'ayb al-Arnaut); hasan sahih (al-Tirmidhi) — DITHAR's grading is accurate,Correct,"Correct — explicitly said by the Prophet ﷺ every time he left Umm Salamah's house (marfu', habitual)","Correct (home, protection)",Accurate,Accurate,— (Clean),None needed,dorar.net/hadith/sharh/145487 ; dorar.net/hadith/sharh/145508
misc_hadith_2,Misc,ruku,سبحان ربي العظيم.,"Accurate short-form wording, matches Sahih Muslim 772 (Hudhayfah's description of the Prophet's night prayer)",No Tashkeel present,**Missing entirely** — `source_ar`/`source_en` are `null`,"Sahih Muslim 772 (Book of Travelers' Prayer, chapter on qiyam al-layl)",**Missing** — narrator is Hudhayfah ibn al-Yaman,**Missing** — should be Sahih (Muslim),"No count shown — acceptable (repeated ""three times minimum"" per general fiqh consensus is a separate fiqh ruling, not itself part of this specific wording); recommend adding ""at least three times, as commonly taught"" only if sourced separately",Correct — said during ruku' in prayer,Correct (prayer),Accurate,Accurate,HIGH,"Add source_ar/source_en: ""صحيح مسلم (772) — عن حذيفة بن اليمان رضي الله عنه""",binbaz.org.sa/fatwas/9532 ; surahquran.com/Sharh-Hadith-11003.html
misc_hadith_2,Misc,sujud,سبحان ربي الأعلى.,"Accurate, same hadith as `ruku` above",No Tashkeel present,**Missing entirely** — same gap as `ruku`,Sahih Muslim 772,**Missing** — Hudhayfah ibn al-Yaman,**Missing** — should be Sahih (Muslim),No count shown — same note as `ruku`,Correct — said during sujud,Correct (prayer),Accurate,Accurate,HIGH,Same as `ruku`: add source/narrator/grade,Same as `ruku`
misc_hadith_2,Misc,between-sajdatayn,رب اغفر لي.,"**Incomplete relative to the established narration** — the hadith (Hudhayfah, via al-Nasa'i/Ibn Majah, and Muslim 772's longer chain) has the phrase said **twice**: ""رَبِّ اغْفِرْ لِي، رَبِّ اغْفِرْ لِي"". DITHAR shows it only once, with no indication of repetition. Ibn Abbas's alternate narration (""اللهم اغفر لي وارحمني واهدني وارزقني"") is a separate, longer alternative wording also authentically established — not represented at all.",No Tashkeel present,**Missing entirely** — `source_ar`/`source_en` are `null`,"al-Nasa'i, Ibn Majah, and (longer chain) Sahih Muslim 772 — narrated by Hudhayfah ibn al-Yaman; al-Hakim graded it ""meets the standard of the two Shaykhs""",**Missing** — Hudhayfah ibn al-Yaman,"**Missing** — Sahih (al-Hakim: ""‘ala shart al-Shaykhayn""; part of Muslim 772)","**Count omitted from the wording itself** — the established narration says the phrase twice, not once; this is a completeness gap, not a fabricated count",Correct — said between the two prostrations,Correct (prayer),Accurate translation of the (incomplete) displayed text,Accurate transliteration of the (incomplete) displayed text,HIGH,"Change text_ar to ""رب اغفر لي، رب اغفر لي."" (twice, per the established wording) and add source/narrator/grade. Optionally note Ibn Abbas's alternate longer wording as a documented variant.",dorar.net/hadith/sharh/137606 ; alukah.net/sharia/0/95026
misc_hadith_2,Misc,before-food,بسم الله.,"Accurate as a stand-alone phrase, but the source label is too vague to be useful (""ثابت في السنة"" = ""established in the Sunnah"")",No Tashkeel present,**Too vague** — does not name a concrete hadith,"The instruction to say ""Bismillah"" before eating is concretely documented in Sahih al-Bukhari 5376 / Sahih Muslim (hadith of 'Umar ibn Abi Salamah: ""يا غلام، سَمِّ اللَّه..."") and separately in Abu Dawud/al-Tirmidhi (Aisha, on Satan's involvement when Allah's name is not mentioned)","Missing — should cite 'Umar ibn Abi Salamah (for the ""سَمِّ اللَّه"" instruction) and/or Aisha","Sahih (Bukhari/Muslim, mutafaq 'alayh) — not stated","Correct (""once"")",Correct — explicitly prescribed before eating,Correct (food),Accurate,Accurate,MEDIUM,"Replace ""ثابت في السنة"" with a concrete citation: ""متفق عليه — صحيح البخاري (5376) وصحيح مسلم، عن عمر بن أبي سلمة رضي الله عنه""",binbaz.org.sa/audios/2960 ; alukah.net/sharia/0/108533
misc_hadith_2,Misc,forgot-tasmiyah,بسم الله أوله وآخره.,"Plausible — consistent with the well-known ""if he forgets to say Bismillah at the start, let him say..."" hadith (Abu Dawud 3767, Tirmidhi 1858, 'A'ishah)",No Tashkeel present,"Present but generic (""الترمذي، وحسنه عدد من أهل العلم"") — plausible, not independently re-verified this pass",Likely Jami' al-Tirmidhi 1858 / Sunan Abi Dawud 3767 (not confirmed live this pass),Missing — likely 'A'ishah,Not independently re-verified this pass,"Correct (""if forgotten"")",Correct,Correct (food),Accurate,Accurate,Uncertain (not independently re-verified this pass),Re-verify exact Tirmidhi/Abu Dawud number and add narrator,—
misc_hadith_2,Misc,kaffarat-al-majlis,سبحانك اللهم وبحمدك، لا إله إلا أنت...,"Well-known, matches the standard ""Kaffarat al-Majlis"" wording widely attributed to Abu Dawud 4859 / al-Tirmidhi 3433, from 'A'ishah",No Tashkeel present,"Vague (""السنن، وله طرق حكم عليها أهل العلم بالصحة/الحسن"")",Likely Sunan Abi Dawud 4859 / Jami' al-Tirmidhi 3433 (not confirmed live this pass),Missing — likely 'A'ishah,"Multiple chains, graded sahih/hasan collectively — DITHAR's description is directionally correct but not independently re-verified this pass",No count needed,Correct — said to expiate a gathering,Correct (gatherings),Accurate,Accurate,Uncertain (not independently re-verified this pass),Re-verify exact numbering/narrator and cite concretely,—
misc_hadith_2,Misc,before-sleeping,بِاسْمِكَ اللَّهُمَّ أَمُوتُ وَأَحْيَا.,Extremely well-known verbatim Bukhari wording; internally consistent,Already has Tashkeel present (unlike most of this slice) — consistent with itself,Specific and correct-looking (Sahih al-Bukhari 6324),Sahih al-Bukhari 6324,Missing narrator field (commonly Hudhayfah / al-Bara' ibn 'Azib depending on the specific narration variant — DITHAR doesn't specify which),Not independently re-verified this pass,No count needed,Correct,Correct (home),Accurate,Accurate,Uncertain (not independently re-verified this pass),Confirm exact narrator for Bukhari 6324 and add,—
misc_hadith_2,Misc,upon-waking,الْحَمْدُ لِلَّهِ الَّذِي أَحْيَانَا...,Extremely well-known verbatim Bukhari wording,Has Tashkeel,Specific (Sahih al-Bukhari 6312),Sahih al-Bukhari 6312,Missing (commonly al-Bara' ibn 'Azib / Hudhayfah),Not independently re-verified this pass,No count needed,Correct,Correct (home),Accurate,Accurate,Uncertain (not independently re-verified this pass),Confirm narrator and add,—
misc_hadith_2,Misc,after-eating,الْحَمْدُ لِلَّهِ الَّذِي أَطْعَمَنِي هَذَا...,"Well-known, widely cited to Abu Dawud/Tirmidhi (Mu'adh ibn Anas al-Juhani)",Has Tashkeel,"Vague (""سنن أبي داود والترمذي"" — no numbers)","Likely Abu Dawud 4023, Tirmidhi 3458",Missing — likely Mu'adh ibn Anas,"Reportedly hasan/da'if-with-support depending on scholar (not independently re-verified this pass — flag for careful grading check, this specific hadith has known grading disagreement in some circles)",No count needed,Correct,Correct (food),Accurate,Accurate,Uncertain (not independently re-verified this pass — grading disagreement flagged),Re-verify exact numbering and grading (disagreement reported in secondary literature),—
misc_hadith_2,Misc,after-wudu,أشهد أن لا إله إلا الله وحده...,"Extremely well-known, verbatim Sahih Muslim wording",No Tashkeel,"Present but no number (""صحيح مسلم"")",Sahih Muslim (234) commonly cited,"Missing (narrator: 'Uqbah ibn 'Amir, per common attribution)",Not independently re-verified this pass,"Correct (""once, after wudu"")",Correct,"Correct (mosque — though this dhikr is about wudu, not specifically mosque; borderline categorization, see below)",Accurate,Accurate,MEDIUM (categorization) + Uncertain (sourcing),"Add hadith number (commonly 234) and narrator; reconsider category — this is a wudu dhikr, not inherently mosque-specific (see Category audit below)",—
misc_hadith_2,Misc,entering-mosque,اللهم افتح لي أبواب رحمتك.,"Well-known, Sahih Muslim (713), narrated by Abu Humayd/Abu Usayd (Hasan) or Fatimah bint al-Husayn (different narration)",No Tashkeel,"Present, no number",Sahih Muslim 713,Missing,Not independently re-verified this pass,Correct,Correct — explicitly for entering a mosque,Correct (mosque),Accurate,Accurate,"Uncertain (not independently re-verified this pass, narrator name needs confirming)",Add number + narrator,—
misc_hadith_2,Misc,leaving-mosque,اللهم إني أسألك من فضلك.,Same hadith family as entering-mosque (paired dua),No Tashkeel,"Present, no number",Sahih Muslim 713,Missing,Not independently re-verified this pass,Correct,Correct,Correct (mosque),Accurate,Accurate,Uncertain (not independently re-verified this pass),Add number + narrator,—
misc_hadith_2,Misc,after-adhan,اللهم رب هذه الدعوة التامة...,Well-known verbatim Bukhari wording,Has Tashkeel,"Present, no number",Sahih al-Bukhari 614 (commonly cited),Missing (narrator: Jabir ibn Abdullah),Not independently re-verified this pass,No count needed,Correct — explicitly prescribed after hearing the adhan,Correct (mosque),Accurate,Accurate,Uncertain (not independently re-verified this pass),Add number (614) + narrator (Jabir),—
misc_hadith_2,Misc,sneezing-alhamdulillah,الحمد لله.,"Correct, extremely well-attested",No Tashkeel,"Present, no number",Sahih al-Bukhari 6224 (commonly cited),Missing,Not independently re-verified this pass,No count needed,Correct,Correct (gatherings),Accurate,Accurate,Uncertain (not independently re-verified this pass),Add number,—
misc_hadith_2,Misc,yarhamuk-allah,يرحمك الله.,Correct — the standard reply to a sneezer's Alhamdulillah,No Tashkeel,"Present, no number",Sahih al-Bukhari 6224 (same hadith family),Missing,Not independently re-verified this pass,No count needed,Correct,Correct (gatherings),Accurate,Accurate,Uncertain (not independently re-verified this pass),Add number,—
misc_hadith_2,Misc,yahdikum-allah,يهديكم الله ويصلح بالكم.,"Correct — the sneezer's reply when there's no Muslim present to say Yarhamukallah, or reply to a non-Muslim",No Tashkeel,"Present, no number",Sahih al-Bukhari 6224,Missing,Not independently re-verified this pass,No count needed,"**Needs contextual qualification** — this phrase is specifically the reply given when the sneezer is a non-Muslim (or when no ""yarhamuk Allah"" was said) — not a generic gatherings phrase interchangeable with the two above; DITHAR's flat ""gatherings"" categorization loses this context",Needs qualification (see occasion note),Accurate,Accurate,MEDIUM (occasion under-specified),Add hadith number; add occasion note clarifying this is the reply used specifically when the sneezer is not a believer / no one said yarhamukallah,—
misc_hadith_2,Misc,when-wind-blows,اللهم إني أسألك خيرها...,"Well-known, verbatim Bukhari/Muslim wording, narrator ('A'ishah) already correctly present",Has Tashkeel,"Present, no number, but narrator correctly named — better-documented than most rows above",Sahih al-Bukhari 3206 / Sahih Muslim 899 (commonly cited),**Present and correct** ('A'ishah),Not independently re-verified this pass,No count needed,Correct — explicitly prescribed when wind blows/storms,Correct (weather),Accurate,Accurate,Uncertain (not independently re-verified this pass — numbers only),Add specific hadith numbers,—
misc_hadith_2,Misc,istiftah,سبحانك اللهم وبحمدك، وتبارك اسمك...,Accurate — matches the Abu Dawud 775/Tirmidhi 243/Ibn Majah 806/Nasa'i 899 (via 'A'ishah) wording verbatim,No Tashkeel,"**Too vague** (""الأحاديث الصحيحة في الاستفتاح"" — ""the authentic hadiths on istiftah"")","Sunan Abi Dawud 775, Jami' al-Tirmidhi 243, Ibn Majah 806, al-Nasa'i 899",**Missing** — 'A'ishah,"Sahih (multiple collections); note this specific istiftah is also reported as 'Umar's own practice (mawquf) in a Sahih Muslim chapter — worth noting the marfu'/mawquf nuance per spec section 12 rather than a flat ""sahih""",No count needed,Correct — opening of prayer,Correct (prayer),Accurate,Accurate,HIGH,"Replace vague source with concrete citation: ""سنن أبي داود (775)، والترمذي (243)، وابن ماجه (806)، والنسائي (899) — عن عائشة رضي الله عنها""; add narrator",ar.islamway.net/lesson/206247 ; binbaz.org.sa/fatwas/8804
misc_hadith_2,Misc,before-salam-audhu,اللهم إني أعوذ بك من عذاب جهنم...,"Well-known, verbatim Sahih Muslim wording",Has Tashkeel,"Present, no number",Sahih Muslim 588 (commonly cited),Missing,Not independently re-verified this pass,No count needed,Correct — prescribed before the final salam,Correct (prayer),Accurate,Accurate,Uncertain (not independently re-verified this pass),Add number (588),—
misc_hadith_2,Misc,allahumma-aini-ala-dhikrik,اللهم أعني على ذكرك وشكرك...,"Well-cited already, specific number given",Has Tashkeel,Good — specific and detailed,"Abu Dawud 1522, al-Nasa'i, Ibn Khuzaymah",Present (Mu'adh ibn Jabal),Present (al-Albani: sahih),Correct,Correct (prayer),Correct,Accurate,Accurate,Uncertain (not independently re-verified this pass — citation is already well-detailed and plausible),None urgent; optional re-verification,—
misc_hadith_2,Misc,allahumma-audhu-biridaka-min-sakhatik,اللهم أعوذ برضاك من سخطك...,"Well-cited, specific number",Has Tashkeel,Good,Sahih Muslim 486,"Missing narrator (the hadith is widely attributed to 'A'ishah, part of the Prophet's night-prayer prostration dua)",Present (Sahih Muslim — inherently sahih),Correct,"**Occasion good** — DITHAR itself notes ""in prostration (within the context of night prayer),"" but the record's `categories` list it under ""prayer, protection"" generically rather than specifically as a sujud/qiyam al-layl dua — mildly under-specified but not wrong",Acceptable general placement (prayer),Accurate,Accurate,Uncertain (not independently re-verified this pass) + LOW (narrator not stated despite being knowable),Add narrator ('A'ishah),—
misc_hadith_2,Misc,allahumma-inni-asaluka-fil-al-khayrat,اللهم إني أسألك فعل الخيرات...,"Well-cited, specific numbers and grading (sahih li-ghayrihi) already correctly nuanced — this is a GOOD example of proper grading nuance per spec section 12",Has Tashkeel,Good,Jami' al-Tirmidhi 3233; graded sahih li-ghayrihi by al-Albani in Sahih al-Targhib 3192,Missing (commonly attributed to 'Ammar ibn Yasir),"**Present and properly nuanced** (""sahih li-ghayrihi"" — not flattened to plain ""sahih"")",Correct,Correct,"Correct (prayer, comprehensive)",Accurate,Accurate,"Uncertain (not independently re-verified this pass, but this record's grading nuance is exemplary)",Add narrator ('Ammar ibn Yasir),—
misc_hadith_2,Misc,allahumma-hasibni-hisaban-yasiran,اللهم حاسبني حسابًا يسيرًا.,"Well-cited, two specific numbers, narrator present, plus an unusually good `note_ar`/`note_en` explaining the hadith's own follow-up dialogue about ""easy reckoning""",Has Tashkeel,Excellent — one of the best-documented records in this slice,"Sahih al-Bukhari 6536, Sahih Muslim 2876",Present ('A'ishah),Not independently re-verified this pass (but numbers/narrator internally consistent and plausible),Correct,"Correct — DITHAR's own note correctly distinguishes ""occurs within the context of his ﷺ prayer"" rather than overclaiming a fixed prescribed moment",Correct (prayer),Accurate,Accurate,Uncertain (not independently re-verified this pass) — this record is a model example of good practice,None urgent,—
misc_hadith_2,Misc,dua-al-istikharah,اللهم إني أستخيرك بعلمك...,"Well-cited, specific number, narrator present, and the note correctly explains the ""or he said"" (aw qala) ambiguity present in the actual hadith text and the substitution convention — exemplary handling of a long hadith",Has Tashkeel,Excellent,Sahih al-Bukhari 6382,Present (Jabir ibn Abdullah),Not independently re-verified this pass (plausible),"Correctly described as ""once... no fixed repetition count for the dua itself""","Correctly qualified (preceded by two rak'ahs, per the hadith)",Correct (istikharah),Accurate,Accurate,Uncertain (not independently re-verified this pass) — exemplary record,None urgent,—
misc_hadith_2,Misc,allahumma-inni-audhu-bika-min-al-matham-wal-maghram,اللهم إني أعوذ بك من المأثم والمغرم.,"Well-cited, two specific numbers, narrator present",Has Tashkeel,Good,"Sahih al-Bukhari 2397, Sahih Muslim 589",Present ('A'ishah),Not independently re-verified this pass,Correct,Correct,"Correct (debtRizq, protection)",Accurate,Accurate,Uncertain (not independently re-verified this pass),None urgent,—
misc_hadith_2,Misc,allahumma-ikfini-bihalalika-an-haramik,اللهم اكفني بحلالك عن حرامك...,Well-cited,Has Tashkeel,Good,Jami' al-Tirmidhi 3563,Present ('Ali ibn Abi Talib),"Present (hasan, al-Albani)",Correct,Correct,Correct (debtRizq),Accurate,Accurate,Uncertain (not independently re-verified this pass),None urgent,—
misc_hadith_2,Misc,allahumma-inni-asaluka-min-fadlika-warahmatik,اللهم إني أسألك من فضلك ورحمتك...,"Well-cited, unusual (non-canonical-six) source correctly identified as such",Has Tashkeel,"**Good and appropriately cautious** — cites al-Tabarani's al-Mu'jam al-Kabir and Abu Nu'aym's Hilyat al-Awliya' (not one of the six canonical books), which is itself worth flagging as a lower-tier source than Bukhari/Muslim even though graded sahih by al-Albani in a specific Silsilah volume",al-Mu'jam al-Kabir 10379; Hilyat al-Awliya',Present (Ibn Mas'ud),"Present, correctly attributed to a single grader (al-Albani, Silsilah al-Sahihah 1543) rather than falsely implying broad consensus — good practice, but per spec section 12, single-scholar gradings on non-canonical-collection hadith deserve a touch more caution/qualification than ""sahih"" alone conveys",Correct,Correct,Correct (debtRizq),Accurate,Accurate,LOW-MEDIUM,"Consider qualifying grade as ""graded sahih by al-Albani (single-scholar assessment on a non-canonical-collection narration)"" rather than an unqualified ""sahih""",—
misc_hadith_2,Misc,ya-muqallib-al-qulub-thabbit-qalbi,يا مقلب القلوب، ثبت قلبي على دينك.,"Well-cited, specific number, narrator present",Has Tashkeel,Good,Jami' al-Tirmidhi 2140,Present (Umm Salamah),"Present (hasan by Tirmidhi, sahih by al-Albani — appropriately shows both)",Correct,Correct,Correct (guidance),Accurate,Accurate,Uncertain (not independently re-verified this pass) — good grading practice already,None urgent,—
misc_hadith_2,Misc,dhahaba-al-zama-wabtallat-al-uruq,ذهب الظمأ، وابتلت العروق...,"Well-cited, specific number, narrator present, grading appropriately shown as hasan (not inflated to sahih) — this hadith has KNOWN scholarly disagreement (some grade it da'if due to a weak sub-narrator) that DITHAR's ""حسنه الألباني"" doesn't surface",Has Tashkeel,Good but **grading nuance incomplete**,Sunan Abi Dawud 2357,Present (Ibn 'Umar),"**Needs qualification** — al-Albani graded it hasan in Sahih Abi Dawud, but this hadith is also reported by some hadith scholars (e.g., criticism of the ""Hasan ibn Suwar""/isnad issues in some chains) to have a weaker chain than a plain ""hasan"" implies; disagreement not independently confirmed this pass but flagged as a known area of debate worth checking","Correctly scoped (""once, at breaking the fast"")",Correct,Correct (seasonal),Accurate,Accurate,"MEDIUM (grading disagreement flag, not independently confirmed this pass)",Verify whether other muhaddithun dispute al-Albani's hasan grading before finalizing,—
misc_hadith_2,Misc,allahumma-innaka-afuwwun-tuhibb-al-afw,اللهم إنك عفو تحب العفو فاعف عني.,"Well-cited, two numbers, narrator present",Has Tashkeel,Good,"Jami' al-Tirmidhi 3513, Ibn Majah 3850",Present ('A'ishah),"Present (hasan sahih Tirmidhi, sahih al-Albani)",Correct,"**Correct and well-specified** — DITHAR's own occasion_ar correctly ties this to Laylat al-Qadr specifically (per 'A'ishah's question ""what should I say if I know which night is Laylat al-Qadr"") rather than over-generalizing",Correct (seasonal),Accurate,Accurate,Uncertain (not independently re-verified this pass) — exemplary occasion handling,None urgent,—
misc_hadith_2,Misc,talbiyah,لبيك اللهم لبيك، لبيك لا شريك لك لبيك...,"Well-cited, two numbers, narrator present, mutafaq 'alayh",Has Tashkeel,Good,"Sahih al-Bukhari 1549, Sahih Muslim 1184",Present (Ibn 'Umar),Not independently re-verified this pass (mutafaq 'alayh implies sahih by definition),"Correctly scoped (no fixed count, repeated during rites)",Correct,Correct (seasonal),Accurate,Accurate,Uncertain (not independently re-verified this pass),None urgent,—
misc_hadith_2,Misc,dhikr-al-safa-wal-marwah,لا إله إلا الله وحده لا شريك له...,"Well-cited, part of Jabir's long Hajj-description hadith (Sahih Muslim 1218)",Has Tashkeel,"Good, narrator present, and the note correctly warns against generalizing this dhikr outside its specific sa'i context — excellent occasion discipline matching spec section 7's core principle","Sahih Muslim (Jabir's hadith, commonly numbered 1218)",Present (Jabir),Not independently re-verified this pass (Sahih Muslim implies sahih),"Correctly scoped (""three times, with supplication in between"")","**Exemplary** — explicitly guards against over-generalization, exactly the discipline the spec asks for",Correct (seasonal),Accurate,Accurate,Uncertain (not independently re-verified this pass) — model record,None urgent,—
